timestamp, signal strength, UUID 
,,,903d185fccf839df
1498737064664,-87,,903d185fccf839df
1498737064791,-87,,903d185fccf839df
1498737065018,-87,,903d185fccf839df
1498737065098,-87,,903d185fccf839df
1498737065198,-87,,903d185fccf839df
1498737065299,-87,,903d185fccf839df
1498737065405,-87,,903d185fccf839df
1498737065509,-87,,903d185fccf839df
1498737065606,-87,,903d185fccf839df
1498737065707,-87,,903d185fccf839df
1498737065798,-87,,903d185fccf839df
1498737065900,-87,,903d185fccf839df
1498737066000,-87,,903d185fccf839df
1498737066095,-87,,903d185fccf839df
1498737066203,-87,,903d185fccf839df
1498737066401,-87,,903d185fccf839df
1498737066509,-87,,903d185fccf839df
1498737066601,-87,,903d185fccf839df
1498737066692,-87,,903d185fccf839df
1498737066806,-87,,903d185fccf839df
1498737066904,-87,,903d185fccf839df
1498737067008,-87,,903d185fccf839df
1498737067094,-87,,903d185fccf839df
1498737067206,-87,,903d185fccf839df
1498737067296,-87,,903d185fccf839df
1498737067394,-87,,903d185fccf839df
1498737067496,-87,,903d185fccf839df
1498737067606,-87,,903d185fccf839df
1498737067696,-87,,903d185fccf839df
1498737067812,-87,,903d185fccf839df
1498737067904,-87,,903d185fccf839df
1498737068006,-87,,903d185fccf839df
1498737068096,-87,,903d185fccf839df
1498737068197,-87,,903d185fccf839df
1498737068294,-87,,903d185fccf839df
1498737068397,-87,,903d185fccf839df
1498737068500,-87,,903d185fccf839df
1498737068594,-87,,903d185fccf839df
1498737068690,-87,,903d185fccf839df
1498737068798,-87,,903d185fccf839df
1498737068895,-87,,903d185fccf839df
1498737069002,-87,,903d185fccf839df
1498737069097,-87,,903d185fccf839df
1498737069220,-87,,903d185fccf839df
1498737069306,-87,,903d185fccf839df
1498737069402,-87,,903d185fccf839df
1498737069499,-87,,903d185fccf839df
1498737069607,-87,,903d185fccf839df
1498737069713,-87,,903d185fccf839df
1498737069809,-87,,903d185fccf839df
1498737069900,-87,,903d185fccf839df
1498737069996,-87,,903d185fccf839df
1498737070088,-87,,903d185fccf839df
1498737070191,-87,,903d185fccf839df
1498737070300,-87,,903d185fccf839df
1498737070400,-87,,903d185fccf839df
1498737070493,-87,,903d185fccf839df
1498737070591,-87,,903d185fccf839df
1498737070691,-87,,903d185fccf839df
1498737070796,-87,,903d185fccf839df
1498737070897,-87,,903d185fccf839df
1498737071004,-87,,903d185fccf839df
1498737071096,-87,,903d185fccf839df
1498737071193,-87,,903d185fccf839df
1498737071295,-87,,903d185fccf839df
1498737071390,-87,,903d185fccf839df
1498737071500,-87,,903d185fccf839df
1498737071613,-87,,903d185fccf839df
1498737071700,-87,,903d185fccf839df
1498737071801,-87,,903d185fccf839df
1498737071897,-87,,903d185fccf839df
1498737072003,-87,,903d185fccf839df
1498737072098,-87,,903d185fccf839df
1498737072193,-87,,903d185fccf839df
1498737072296,-87,,903d185fccf839df
1498737072403,-87,,903d185fccf839df
1498737072492,-87,,903d185fccf839df
1498737072630,-87,,903d185fccf839df
1498737072700,-87,,903d185fccf839df
1498737072800,-87,,903d185fccf839df
1498737072898,-87,,903d185fccf839df
1498737072997,-87,,903d185fccf839df
1498737073103,-87,,903d185fccf839df
1498737073202,-87,,903d185fccf839df
1498737073305,-87,,903d185fccf839df
1498737073395,-87,,903d185fccf839df
1498737073495,-87,,903d185fccf839df
1498737073607,-87,,903d185fccf839df
1498737073705,-87,,903d185fccf839df
1498737073796,-87,,903d185fccf839df
1498737073896,-87,,903d185fccf839df
1498737073997,-87,,903d185fccf839df
1498737074096,-87,,903d185fccf839df
1498737074197,-87,,903d185fccf839df
1498737074293,-87,,903d185fccf839df
1498737074395,-87,,903d185fccf839df
1498737074500,-87,,903d185fccf839df
1498737074600,-87,,903d185fccf839df
1498737074700,-87,,903d185fccf839df
1498737074796,-87,,903d185fccf839df
1498737074893,-87,,903d185fccf839df
1498737075002,-87,,903d185fccf839df
1498737075097,-87,,903d185fccf839df
1498737075195,-87,,903d185fccf839df
1498737075308,-87,,903d185fccf839df
1498737075401,-87,,903d185fccf839df
1498737075492,-87,,903d185fccf839df
1498737075606,-87,,903d185fccf839df
1498737075702,-87,,903d185fccf839df
1498737075794,-87,,903d185fccf839df
1498737075897,-87,,903d185fccf839df
1498737076004,-87,,903d185fccf839df
1498737076104,-87,,903d185fccf839df
1498737076188,-87,,903d185fccf839df
1498737076296,-87,,903d185fccf839df
1498737076399,-87,,903d185fccf839df
1498737076499,-87,,903d185fccf839df
1498737076600,-87,,903d185fccf839df
1498737076705,-87,,903d185fccf839df
1498737076810,-87,,903d185fccf839df
1498737076902,-87,,903d185fccf839df
1498737077004,-87,,903d185fccf839df
1498737077104,-87,,903d185fccf839df
1498737077200,-87,,903d185fccf839df
1498737077300,-87,,903d185fccf839df
1498737077396,-87,,903d185fccf839df
1498737077493,-87,,903d185fccf839df
1498737077599,-87,,903d185fccf839df
1498737077704,-87,,903d185fccf839df
1498737077807,-87,,903d185fccf839df
1498737077897,-87,,903d185fccf839df
1498737078005,-87,,903d185fccf839df
1498737078093,-87,,903d185fccf839df
1498737078195,-87,,903d185fccf839df
1498737078308,-87,,903d185fccf839df
1498737078409,-87,,903d185fccf839df
1498737078504,-87,,903d185fccf839df
1498737078601,-87,,903d185fccf839df
1498737078700,-87,,903d185fccf839df
1498737078798,-87,,903d185fccf839df
1498737078897,-87,,903d185fccf839df
1498737078998,-87,,903d185fccf839df
1498737079091,-87,,903d185fccf839df
1498737079197,-87,,903d185fccf839df
1498737079297,-87,,903d185fccf839df
1498737079402,-87,,903d185fccf839df
1498737079495,-87,,903d185fccf839df
1498737079602,-87,,903d185fccf839df
1498737079697,-87,,903d185fccf839df
1498737079797,-87,,903d185fccf839df
1498737079899,-87,,903d185fccf839df
1498737079996,-87,,903d185fccf839df
1498737080097,-87,,903d185fccf839df
1498737080193,-87,,903d185fccf839df
1498737080347,-87,,903d185fccf839df
1498737080475,-87,,903d185fccf839df
1498737080533,-87,,903d185fccf839df
1498737080601,-87,,903d185fccf839df
1498737080704,-87,,903d185fccf839df
1498737080801,-87,,903d185fccf839df
1498737080896,-87,,903d185fccf839df
1498737081004,-87,,903d185fccf839df
1498737081094,-87,,903d185fccf839df
1498737081205,-87,,903d185fccf839df
1498737081298,-87,,903d185fccf839df
1498737081398,-87,,903d185fccf839df
1498737081494,-87,,903d185fccf839df
1498737081596,-87,,903d185fccf839df
1498737081700,-87,,903d185fccf839df
1498737081798,-87,,903d185fccf839df
1498737081906,-87,,903d185fccf839df
1498737082001,-87,,903d185fccf839df
1498737082101,-87,,903d185fccf839df
1498737082202,-87,,903d185fccf839df
1498737082299,-87,,903d185fccf839df
1498737082397,-87,,903d185fccf839df
1498737082488,-87,,903d185fccf839df
1498737082615,-87,,903d185fccf839df
1498737082771,-87,,903d185fccf839df
1498737082929,-87,,903d185fccf839df
1498737082985,-87,,903d185fccf839df
1498737083100,-87,,903d185fccf839df
1498737083214,-87,,903d185fccf839df
1498737083308,-87,,903d185fccf839df
1498737083402,-87,,903d185fccf839df
1498737083501,-87,,903d185fccf839df
1498737083605,-87,,903d185fccf839df
1498737083702,-87,,903d185fccf839df
1498737083813,-87,,903d185fccf839df
1498737083904,-87,,903d185fccf839df
1498737083999,-87,,903d185fccf839df
1498737084102,-87,,903d185fccf839df
1498737084194,-87,,903d185fccf839df
1498737084295,-87,,903d185fccf839df
1498737084401,-87,,903d185fccf839df
1498737084502,-87,,903d185fccf839df
1498737084596,-87,,903d185fccf839df
1498737084695,-87,,903d185fccf839df
1498737084799,-87,,903d185fccf839df
1498737084902,-87,,903d185fccf839df
1498737085001,-87,,903d185fccf839df
1498737085102,-87,,903d185fccf839df
1498737085194,-87,,903d185fccf839df
1498737085298,-87,,903d185fccf839df
1498737085394,-87,,903d185fccf839df
1498737085496,-87,,903d185fccf839df
1498737085614,-87,,903d185fccf839df
1498737085697,-87,,903d185fccf839df
1498737085793,-87,,903d185fccf839df
1498737085898,-87,,903d185fccf839df
1498737086001,-87,,903d185fccf839df
1498737086099,-87,,903d185fccf839df
1498737086200,-87,,903d185fccf839df
1498737086308,-87,,903d185fccf839df
1498737086401,-87,,903d185fccf839df
1498737086506,-87,,903d185fccf839df
1498737086595,-87,,903d185fccf839df
1498737086700,-87,,903d185fccf839df
1498737086800,-87,,903d185fccf839df
1498737086901,-87,,903d185fccf839df
1498737086998,-87,,903d185fccf839df
1498737087091,-87,,903d185fccf839df
1498737087193,-87,,903d185fccf839df
1498737087297,-87,,903d185fccf839df
1498737087397,-87,,903d185fccf839df
1498737087510,-87,,903d185fccf839df
1498737087596,-87,,903d185fccf839df
1498737087710,-87,,903d185fccf839df
1498737087790,-87,,903d185fccf839df
1498737087902,-87,,903d185fccf839df
1498737087995,-87,,903d185fccf839df
1498737088102,-87,,903d185fccf839df
1498737088203,-87,,903d185fccf839df
1498737088293,-87,,903d185fccf839df
1498737088409,-87,,903d185fccf839df
1498737088498,-87,,903d185fccf839df
1498737088605,-87,,903d185fccf839df
1498737088710,-87,,903d185fccf839df
1498737088803,-87,,903d185fccf839df
1498737088899,-87,,903d185fccf839df
1498737088998,-87,,903d185fccf839df
1498737089098,-87,,903d185fccf839df
1498737089192,-87,,903d185fccf839df
1498737089299,-87,,903d185fccf839df
1498737089402,-87,,903d185fccf839df
1498737089498,-87,,903d185fccf839df
1498737089610,-87,,903d185fccf839df
1498737089698,-87,,903d185fccf839df
1498737089796,-87,,903d185fccf839df
1498737089892,-87,,903d185fccf839df
1498737090002,-87,,903d185fccf839df
1498737090092,-87,,903d185fccf839df
1498737090192,-87,,903d185fccf839df
1498737090295,-87,,903d185fccf839df
1498737090396,-87,,903d185fccf839df
1498737090497,-87,,903d185fccf839df
1498737090597,-87,,903d185fccf839df
1498737090695,-87,,903d185fccf839df
1498737090801,-87,,903d185fccf839df
1498737090907,-87,,903d185fccf839df
1498737090999,-87,,903d185fccf839df
1498737091099,-87,,903d185fccf839df
1498737091197,-87,,903d185fccf839df
1498737091305,-87,,903d185fccf839df
1498737091397,-87,,903d185fccf839df
1498737091510,-87,,903d185fccf839df
1498737091602,-87,,903d185fccf839df
1498737091693,-87,,903d185fccf839df
1498737091796,-87,,903d185fccf839df
1498737091890,-87,,903d185fccf839df
1498737092003,-87,,903d185fccf839df
1498737092091,-87,,903d185fccf839df
1498737092210,-87,,903d185fccf839df
1498737092299,-87,,903d185fccf839df
1498737092407,-87,,903d185fccf839df
1498737092512,-87,,903d185fccf839df
1498737092605,-87,,903d185fccf839df
1498737092689,-87,,903d185fccf839df
1498737092801,-87,,903d185fccf839df
1498737092904,-87,,903d185fccf839df
1498737093004,-87,,903d185fccf839df
1498737093102,-87,,903d185fccf839df
1498737093188,-87,,903d185fccf839df
1498737093298,-87,,903d185fccf839df
1498737093401,-87,,903d185fccf839df
1498737093509,-87,,903d185fccf839df
1498737093600,-87,,903d185fccf839df
1498737093709,-87,,903d185fccf839df
1498737093855,-87,,903d185fccf839df
1498737093926,-87,,903d185fccf839df
1498737094010,-87,,903d185fccf839df
1498737094102,-87,,903d185fccf839df
1498737094198,-87,,903d185fccf839df
1498737094292,-87,,903d185fccf839df
1498737094389,-87,,903d185fccf839df
1498737094496,-87,,903d185fccf839df
1498737094599,-87,,903d185fccf839df
1498737094700,-87,,903d185fccf839df
1498737094800,-87,,903d185fccf839df
1498737094892,-87,,903d185fccf839df
1498737094998,-87,,903d185fccf839df
1498737095097,-87,,903d185fccf839df
1498737095196,-87,,903d185fccf839df
1498737095306,-87,,903d185fccf839df
1498737095408,-87,,903d185fccf839df
1498737095500,-87,,903d185fccf839df
1498737095600,-87,,903d185fccf839df
1498737095695,-87,,903d185fccf839df
1498737095799,-87,,903d185fccf839df
1498737095892,-87,,903d185fccf839df
1498737095991,-87,,903d185fccf839df
1498737096097,-87,,903d185fccf839df
1498737096200,-87,,903d185fccf839df
1498737096293,-87,,903d185fccf839df
1498737096397,-87,,903d185fccf839df
1498737096504,-87,,903d185fccf839df
1498737096596,-87,,903d185fccf839df
1498737096694,-87,,903d185fccf839df
1498737096804,-87,,903d185fccf839df
1498737096894,-87,,903d185fccf839df
1498737097003,-87,,903d185fccf839df
1498737097106,-87,,903d185fccf839df
1498737097192,-87,,903d185fccf839df
1498737097298,-87,,903d185fccf839df
1498737097392,-87,,903d185fccf839df
1498737097492,-87,,903d185fccf839df
1498737097598,-87,,903d185fccf839df
1498737097703,-87,,903d185fccf839df
1498737097800,-87,,903d185fccf839df
1498737097896,-87,,903d185fccf839df
1498737097998,-87,,903d185fccf839df
1498737098096,-87,,903d185fccf839df
1498737098208,-87,,903d185fccf839df
1498737098301,-87,,903d185fccf839df
1498737098403,-87,,903d185fccf839df
1498737098502,-87,,903d185fccf839df
1498737098600,-87,,903d185fccf839df
1498737098690,-87,,903d185fccf839df
1498737098792,-87,,903d185fccf839df
1498737098888,-87,,903d185fccf839df
1498737099006,-87,,903d185fccf839df
1498737099093,-87,,903d185fccf839df
1498737099207,-87,,903d185fccf839df
1498737099295,-87,,903d185fccf839df
1498737099397,-87,,903d185fccf839df
1498737099506,-87,,903d185fccf839df
1498737099606,-87,,903d185fccf839df
1498737099706,-87,,903d185fccf839df
1498737099804,-87,,903d185fccf839df
1498737099898,-87,,903d185fccf839df
1498737100002,-87,,903d185fccf839df
1498737100097,-87,,903d185fccf839df
1498737100202,-87,,903d185fccf839df
1498737100302,-87,,903d185fccf839df
1498737100400,-87,,903d185fccf839df
1498737100499,-87,,903d185fccf839df
1498737100604,-87,,903d185fccf839df
1498737100705,-87,,903d185fccf839df
1498737100825,-87,,903d185fccf839df
1498737100909,-87,,903d185fccf839df
1498737101003,-87,,903d185fccf839df
1498737101089,-87,,903d185fccf839df
1498737101195,-87,,903d185fccf839df
1498737101295,-87,,903d185fccf839df
1498737101396,-87,,903d185fccf839df
1498737101505,-87,,903d185fccf839df
1498737101605,-87,,903d185fccf839df
1498737101698,-87,,903d185fccf839df
1498737101795,-87,,903d185fccf839df
1498737101901,-87,,903d185fccf839df
1498737101998,-87,,903d185fccf839df
1498737102091,-87,,903d185fccf839df
1498737102197,-87,,903d185fccf839df
1498737102299,-87,,903d185fccf839df
1498737102400,-87,,903d185fccf839df
1498737102500,-87,,903d185fccf839df
1498737102589,-87,,903d185fccf839df
1498737102693,-87,,903d185fccf839df
1498737102792,-87,,903d185fccf839df
1498737102893,-87,,903d185fccf839df
1498737103005,-87,,903d185fccf839df
1498737103099,-87,,903d185fccf839df
1498737103190,-87,,903d185fccf839df
1498737103285,-87,,903d185fccf839df
1498737103398,-87,,903d185fccf839df
1498737103502,-87,,903d185fccf839df
1498737103599,-87,,903d185fccf839df
1498737103693,-87,,903d185fccf839df
1498737103790,-87,,903d185fccf839df
1498737103898,-87,,903d185fccf839df
1498737104003,-87,,903d185fccf839df
1498737104104,-87,,903d185fccf839df
1498737104198,-87,,903d185fccf839df
1498737104293,-87,,903d185fccf839df
1498737104406,-87,,903d185fccf839df
1498737104500,-87,,903d185fccf839df
1498737104596,-87,,903d185fccf839df
1498737104700,-87,,903d185fccf839df
1498737104797,-87,,903d185fccf839df
1498737104895,-87,,903d185fccf839df
1498737104993,-87,,903d185fccf839df
1498737105098,-87,,903d185fccf839df
1498737105190,-87,,903d185fccf839df
1498737105303,-87,,903d185fccf839df
1498737105413,-87,,903d185fccf839df
1498737105505,-87,,903d185fccf839df
1498737105605,-87,,903d185fccf839df
1498737105697,-87,,903d185fccf839df
1498737105798,-87,,903d185fccf839df
1498737105900,-87,,903d185fccf839df
1498737105994,-87,,903d185fccf839df
1498737106093,-87,,903d185fccf839df
1498737106203,-87,,903d185fccf839df
1498737106299,-87,,903d185fccf839df
1498737106407,-87,,903d185fccf839df
1498737106503,-87,,903d185fccf839df
1498737106589,-87,,903d185fccf839df
1498737106688,-87,,903d185fccf839df
1498737106807,-87,,903d185fccf839df
1498737106895,-87,,903d185fccf839df
1498737107006,-87,,903d185fccf839df
1498737107099,-87,,903d185fccf839df
1498737107197,-87,,903d185fccf839df
1498737107293,-87,,903d185fccf839df
1498737107398,-87,,903d185fccf839df
1498737107499,-87,,903d185fccf839df
1498737107611,-87,,903d185fccf839df
1498737107695,-87,,903d185fccf839df
1498737107802,-87,,903d185fccf839df
1498737107895,-87,,903d185fccf839df
1498737108009,-87,,903d185fccf839df
1498737108103,-87,,903d185fccf839df
1498737108201,-87,,903d185fccf839df
1498737108307,-87,,903d185fccf839df
1498737108400,-87,,903d185fccf839df
1498737108497,-87,,903d185fccf839df
1498737108595,-87,,903d185fccf839df
1498737108693,-87,,903d185fccf839df
1498737108803,-87,,903d185fccf839df
1498737108894,-87,,903d185fccf839df
1498737108998,-87,,903d185fccf839df
1498737109111,-87,,903d185fccf839df
1498737109204,-87,,903d185fccf839df
1498737109297,-87,,903d185fccf839df
1498737109404,-87,,903d185fccf839df
1498737109503,-87,,903d185fccf839df
1498737109599,-87,,903d185fccf839df
1498737109689,-87,,903d185fccf839df
1498737109801,-87,,903d185fccf839df
1498737109901,-87,,903d185fccf839df
1498737109996,-87,,903d185fccf839df
1498737110101,-87,,903d185fccf839df
1498737110196,-87,,903d185fccf839df
1498737110294,-87,,903d185fccf839df
1498737110396,-87,,903d185fccf839df
1498737110502,-87,,903d185fccf839df
1498737110593,-87,,903d185fccf839df
1498737110701,-87,,903d185fccf839df
1498737110792,-87,,903d185fccf839df
1498737110899,-87,,903d185fccf839df
1498737111005,-87,,903d185fccf839df
1498737111098,-87,,903d185fccf839df
1498737111194,-87,,903d185fccf839df
1498737111294,-87,,903d185fccf839df
1498737111417,-87,,903d185fccf839df
1498737111496,-87,,903d185fccf839df
1498737111597,-87,,903d185fccf839df
1498737111697,-87,,903d185fccf839df
1498737111808,-87,,903d185fccf839df
1498737111890,-87,,903d185fccf839df
1498737111989,-87,,903d185fccf839df
1498737112102,-87,,903d185fccf839df
1498737112195,-87,,903d185fccf839df
1498737112287,-87,,903d185fccf839df
1498737112400,-87,,903d185fccf839df
1498737112504,-87,,903d185fccf839df
1498737112599,-87,,903d185fccf839df
1498737112699,-87,,903d185fccf839df
1498737112806,-87,,903d185fccf839df
1498737112900,-87,,903d185fccf839df
1498737113005,-87,,903d185fccf839df
1498737113128,-87,,903d185fccf839df
1498737113211,-87,,903d185fccf839df
1498737113307,-87,,903d185fccf839df
1498737113407,-87,,903d185fccf839df
1498737113496,-87,,903d185fccf839df
1498737113604,-87,,903d185fccf839df
1498737113697,-87,,903d185fccf839df
1498737113806,-87,,903d185fccf839df
1498737113890,-87,,903d185fccf839df
1498737114001,-87,,903d185fccf839df
1498737114097,-87,,903d185fccf839df
1498737114189,-87,,903d185fccf839df
1498737114293,-87,,903d185fccf839df
1498737114404,-87,,903d185fccf839df
1498737114498,-87,,903d185fccf839df
1498737114604,-87,,903d185fccf839df
1498737114701,-87,,903d185fccf839df
1498737114795,-87,,903d185fccf839df
1498737114895,-87,,903d185fccf839df
1498737114997,-87,,903d185fccf839df
1498737115099,-87,,903d185fccf839df
1498737115207,-87,,903d185fccf839df
1498737115297,-87,,903d185fccf839df
1498737115417,-87,,903d185fccf839df
1498737115487,-87,,903d185fccf839df
1498737115593,-87,,903d185fccf839df
1498737115700,-87,,903d185fccf839df
1498737115791,-87,,903d185fccf839df
1498737115899,-87,,903d185fccf839df
1498737115997,-87,,903d185fccf839df
1498737116091,-87,,903d185fccf839df
1498737116198,-87,,903d185fccf839df
1498737116296,-87,,903d185fccf839df
1498737116399,-87,,903d185fccf839df
1498737116511,-87,,903d185fccf839df
1498737116699,-87,,903d185fccf839df
1498737116805,-101,,903d185fccf839df
1498737116877,-101,,903d185fccf839df
1498737116927,-101,,903d185fccf839df
1498737117001,-101,,903d185fccf839df
1498737117100,-101,,903d185fccf839df
1498737117204,-101,,903d185fccf839df
1498737117304,-101,,903d185fccf839df
1498737117404,-101,,903d185fccf839df
1498737117518,-101,,903d185fccf839df
1498737117596,-101,,903d185fccf839df
1498737117700,-101,,903d185fccf839df
1498737117800,-101,,903d185fccf839df
1498737117894,-101,,903d185fccf839df
1498737118002,-101,,903d185fccf839df
1498737118093,-101,,903d185fccf839df
1498737118198,-101,,903d185fccf839df
1498737118296,-101,,903d185fccf839df
1498737118411,-101,,903d185fccf839df
1498737118531,-101,,903d185fccf839df
1498737118597,-101,,903d185fccf839df
1498737118707,-101,,903d185fccf839df
1498737118794,-101,,903d185fccf839df
1498737118953,-101,,903d185fccf839df
1498737119023,-101,,903d185fccf839df
1498737119096,-101,,903d185fccf839df
1498737119203,-101,,903d185fccf839df
1498737119291,-101,,903d185fccf839df
1498737119426,-101,,903d185fccf839df
1498737119500,-101,,903d185fccf839df
1498737119598,-101,,903d185fccf839df
1498737119788,-101,,903d185fccf839df
1498737119898,-103,,903d185fccf839df
1498737119944,-103,,903d185fccf839df
1498737119999,-103,,903d185fccf839df
1498737120139,-103,,903d185fccf839df
1498737120228,-103,,903d185fccf839df
1498737120321,-103,,903d185fccf839df
1498737120418,-103,,903d185fccf839df
1498737120505,-103,,903d185fccf839df
1498737120599,-103,,903d185fccf839df
1498737120702,-103,,903d185fccf839df
1498737120847,-103,,903d185fccf839df
1498737120974,-103,,903d185fccf839df
1498737121085,-103,,903d185fccf839df
1498737121160,-103,,903d185fccf839df
1498737121198,-103,,903d185fccf839df
1498737121310,-103,,903d185fccf839df
1498737121403,-103,,903d185fccf839df
1498737121510,-103,,903d185fccf839df
1498737121606,-103,,903d185fccf839df
1498737121699,-103,,903d185fccf839df
1498737121800,-103,,903d185fccf839df
1498737121896,-103,,903d185fccf839df
1498737122002,-103,,903d185fccf839df
1498737122097,-103,,903d185fccf839df
1498737122196,-103,,903d185fccf839df
1498737122295,-103,,903d185fccf839df
1498737122398,-103,,903d185fccf839df
1498737122501,-103,,903d185fccf839df
1498737122600,-103,,903d185fccf839df
1498737122700,-103,,903d185fccf839df
1498737122796,-103,,903d185fccf839df
1498737122901,-103,,903d185fccf839df
1498737122998,-103,,903d185fccf839df
1498737123095,-103,,903d185fccf839df
1498737123203,-103,,903d185fccf839df
1498737123299,-103,,903d185fccf839df
1498737123412,-103,,903d185fccf839df
1498737123494,-103,,903d185fccf839df
1498737123597,-103,,903d185fccf839df
1498737123687,-103,,903d185fccf839df
1498737123797,-103,,903d185fccf839df
1498737123891,-103,,903d185fccf839df
1498737123998,-103,,903d185fccf839df
1498737124096,-103,,903d185fccf839df
1498737124202,-103,,903d185fccf839df
1498737124300,-103,,903d185fccf839df
1498737124407,-103,,903d185fccf839df
1498737124499,-103,,903d185fccf839df
1498737124598,-103,,903d185fccf839df
1498737124706,-103,,903d185fccf839df
1498737124796,-103,,903d185fccf839df
1498737124898,-103,,903d185fccf839df
1498737124996,-103,,903d185fccf839df
1498737125105,-103,,903d185fccf839df
1498737125198,-103,,903d185fccf839df
1498737125292,-103,,903d185fccf839df
1498737125403,-103,,903d185fccf839df
1498737125497,-103,,903d185fccf839df
1498737125596,-103,,903d185fccf839df
1498737125700,-103,,903d185fccf839df
1498737125814,-103,,903d185fccf839df
1498737125916,-103,,903d185fccf839df
1498737126001,-103,,903d185fccf839df
1498737126094,-103,,903d185fccf839df
1498737126189,-103,,903d185fccf839df
1498737126292,-103,,903d185fccf839df
1498737126402,-103,,903d185fccf839df
1498737126500,-103,,903d185fccf839df
1498737126602,-103,,903d185fccf839df
1498737126701,-103,,903d185fccf839df
1498737126788,-103,,903d185fccf839df
1498737126890,-103,,903d185fccf839df
1498737126998,-103,,903d185fccf839df
1498737127095,-103,,903d185fccf839df
1498737127195,-103,,903d185fccf839df
1498737127297,-103,,903d185fccf839df
1498737127397,-103,,903d185fccf839df
1498737127500,-103,,903d185fccf839df
1498737127596,-103,,903d185fccf839df
1498737127695,-103,,903d185fccf839df
1498737127798,-103,,903d185fccf839df
1498737127891,-103,,903d185fccf839df
1498737128001,-103,,903d185fccf839df
1498737128092,-103,,903d185fccf839df
1498737128190,-103,,903d185fccf839df
1498737128295,-103,,903d185fccf839df
1498737128392,-103,,903d185fccf839df
1498737128493,-103,,903d185fccf839df
1498737128601,-103,,903d185fccf839df
1498737128697,-103,,903d185fccf839df
1498737128812,-103,,903d185fccf839df
1498737128897,-103,,903d185fccf839df
1498737129011,-103,,903d185fccf839df
1498737129092,-103,,903d185fccf839df
1498737129198,-103,,903d185fccf839df
1498737129292,-103,,903d185fccf839df
1498737129398,-103,,903d185fccf839df
1498737129504,-103,,903d185fccf839df
1498737129613,-103,,903d185fccf839df
1498737129699,-103,,903d185fccf839df
1498737129798,-103,,903d185fccf839df
1498737129898,-103,,903d185fccf839df
1498737130013,-103,,903d185fccf839df
1498737130101,-103,,903d185fccf839df
1498737130199,-103,,903d185fccf839df
1498737130292,-103,,903d185fccf839df
1498737130398,-103,,903d185fccf839df
1498737130496,-103,,903d185fccf839df
1498737130598,-103,,903d185fccf839df
1498737130790,-103,,903d185fccf839df
1498737130996,-93,,903d185fccf839df
1498737131067,-93,,903d185fccf839df
1498737131110,-93,,903d185fccf839df
1498737131191,-93,,903d185fccf839df
1498737131306,-93,,903d185fccf839df
1498737131407,-93,,903d185fccf839df
1498737131493,-93,,903d185fccf839df
1498737131602,-93,,903d185fccf839df
1498737131697,-93,,903d185fccf839df
1498737131793,-93,,903d185fccf839df
1498737131900,-93,,903d185fccf839df
1498737132002,-93,,903d185fccf839df
1498737132099,-93,,903d185fccf839df
1498737132193,-93,,903d185fccf839df
1498737132306,-93,,903d185fccf839df
1498737132402,-93,,903d185fccf839df
1498737132503,-93,,903d185fccf839df
1498737132604,-93,,903d185fccf839df
1498737132696,-93,,903d185fccf839df
1498737132811,-93,,903d185fccf839df
1498737132905,-93,,903d185fccf839df
1498737132995,-93,,903d185fccf839df
1498737133094,-93,,903d185fccf839df
1498737133197,-93,,903d185fccf839df
1498737133296,-93,,903d185fccf839df
1498737133411,-93,,903d185fccf839df
1498737133496,-93,,903d185fccf839df
1498737133602,-93,,903d185fccf839df
1498737133699,-93,,903d185fccf839df
1498737133798,-93,,903d185fccf839df
1498737133900,-93,,903d185fccf839df
1498737133993,-93,,903d185fccf839df
1498737134107,-93,,903d185fccf839df
1498737134193,-93,,903d185fccf839df
1498737134293,-93,,903d185fccf839df
1498737134409,-93,,903d185fccf839df
1498737134535,-93,,903d185fccf839df
1498737134636,-93,,903d185fccf839df
1498737134706,-93,,903d185fccf839df
1498737134798,-93,,903d185fccf839df
1498737134909,-93,,903d185fccf839df
1498737134995,-93,,903d185fccf839df
1498737135094,-93,,903d185fccf839df
1498737135223,-93,,903d185fccf839df
1498737135315,-93,,903d185fccf839df
1498737135415,-93,,903d185fccf839df
1498737135490,-93,,903d185fccf839df
1498737135590,-93,,903d185fccf839df
1498737135690,-93,,903d185fccf839df
1498737135792,-93,,903d185fccf839df
1498737135889,-93,,903d185fccf839df
1498737135997,-93,,903d185fccf839df
1498737136093,-93,,903d185fccf839df
1498737136196,-93,,903d185fccf839df
1498737136296,-93,,903d185fccf839df
1498737136399,-93,,903d185fccf839df
1498737136488,-93,,903d185fccf839df
1498737136610,-93,,903d185fccf839df
1498737136697,-93,,903d185fccf839df
1498737136789,-93,,903d185fccf839df
1498737136893,-93,,903d185fccf839df
1498737136999,-93,,903d185fccf839df
1498737137099,-93,,903d185fccf839df
1498737137199,-93,,903d185fccf839df
1498737137291,-93,,903d185fccf839df
1498737137400,-93,,903d185fccf839df
1498737137502,-93,,903d185fccf839df
1498737137594,-93,,903d185fccf839df
1498737137704,-93,,903d185fccf839df
1498737137798,-93,,903d185fccf839df
1498737137897,-93,,903d185fccf839df
1498737137996,-93,,903d185fccf839df
1498737138090,-93,,903d185fccf839df
1498737138195,-93,,903d185fccf839df
1498737138296,-93,,903d185fccf839df
1498737138417,-93,,903d185fccf839df
1498737138492,-93,,903d185fccf839df
1498737138597,-93,,903d185fccf839df
1498737138700,-93,,903d185fccf839df
1498737138804,-93,,903d185fccf839df
1498737138893,-93,,903d185fccf839df
1498737139004,-93,,903d185fccf839df
1498737139097,-93,,903d185fccf839df
1498737139197,-93,,903d185fccf839df
1498737139306,-93,,903d185fccf839df
1498737139401,-93,,903d185fccf839df
1498737139494,-93,,903d185fccf839df
1498737139596,-93,,903d185fccf839df
1498737139695,-93,,903d185fccf839df
1498737139817,-93,,903d185fccf839df
1498737139897,-93,,903d185fccf839df
1498737139995,-93,,903d185fccf839df
1498737140090,-93,,903d185fccf839df
1498737140194,-93,,903d185fccf839df
1498737140298,-93,,903d185fccf839df
1498737140407,-93,,903d185fccf839df
1498737140495,-93,,903d185fccf839df
1498737140591,-93,,903d185fccf839df
1498737140692,-93,,903d185fccf839df
1498737140800,-93,,903d185fccf839df
1498737140896,-93,,903d185fccf839df
1498737140998,-93,,903d185fccf839df
1498737141090,-93,,903d185fccf839df
1498737141200,-93,,903d185fccf839df
1498737141296,-93,,903d185fccf839df
1498737141403,-93,,903d185fccf839df
1498737141515,-93,,903d185fccf839df
1498737141604,-93,,903d185fccf839df
1498737141695,-93,,903d185fccf839df
1498737141796,-93,,903d185fccf839df
1498737141906,-93,,903d185fccf839df
1498737141993,-93,,903d185fccf839df
1498737142095,-93,,903d185fccf839df
1498737142206,-93,,903d185fccf839df
1498737142298,-93,,903d185fccf839df
1498737142400,-93,,903d185fccf839df
1498737142494,-93,,903d185fccf839df
1498737142601,-93,,903d185fccf839df
1498737142693,-93,,903d185fccf839df
1498737142803,-93,,903d185fccf839df
1498737142896,-93,,903d185fccf839df
1498737143001,-93,,903d185fccf839df
1498737143104,-93,,903d185fccf839df
1498737143206,-93,,903d185fccf839df
1498737143300,-93,,903d185fccf839df
1498737143396,-93,,903d185fccf839df
1498737143502,-93,,903d185fccf839df
1498737143606,-93,,903d185fccf839df
1498737143706,-93,,903d185fccf839df
1498737143795,-93,,903d185fccf839df
1498737143898,-93,,903d185fccf839df
1498737144028,-93,,903d185fccf839df
1498737144161,-93,,903d185fccf839df
1498737144236,-93,,903d185fccf839df
1498737144300,-93,,903d185fccf839df
1498737144400,-93,,903d185fccf839df
1498737144499,-93,,903d185fccf839df
1498737144600,-93,,903d185fccf839df
1498737144690,-93,,903d185fccf839df
1498737144798,-93,,903d185fccf839df
1498737144903,-93,,903d185fccf839df
1498737145000,-93,,903d185fccf839df
1498737145097,-93,,903d185fccf839df
1498737145196,-93,,903d185fccf839df
1498737145304,-93,,903d185fccf839df
1498737145414,-93,,903d185fccf839df
1498737145494,-93,,903d185fccf839df
1498737145596,-93,,903d185fccf839df
1498737145699,-93,,903d185fccf839df
1498737145789,-93,,903d185fccf839df
1498737145893,-93,,903d185fccf839df
1498737145992,-93,,903d185fccf839df
1498737146096,-93,,903d185fccf839df
1498737146198,-93,,903d185fccf839df
1498737146296,-93,,903d185fccf839df
1498737146408,-93,,903d185fccf839df
1498737146514,-93,,903d185fccf839df
1498737146604,-93,,903d185fccf839df
1498737146703,-93,,903d185fccf839df
1498737146798,-93,,903d185fccf839df
1498737146893,-93,,903d185fccf839df
1498737146997,-93,,903d185fccf839df
1498737147101,-93,,903d185fccf839df
1498737147199,-93,,903d185fccf839df
1498737147295,-93,,903d185fccf839df
1498737147401,-93,,903d185fccf839df
1498737147491,-93,,903d185fccf839df
1498737147616,-93,,903d185fccf839df
1498737147703,-93,,903d185fccf839df
1498737147809,-93,,903d185fccf839df
1498737147906,-93,,903d185fccf839df
1498737148011,-93,,903d185fccf839df
1498737148094,-93,,903d185fccf839df
1498737148216,-93,,903d185fccf839df
1498737148297,-93,,903d185fccf839df
1498737148407,-93,,903d185fccf839df
1498737148506,-93,,903d185fccf839df
1498737148604,-93,,903d185fccf839df
1498737148704,-93,,903d185fccf839df
1498737148832,-93,,903d185fccf839df
1498737148997,-93,,903d185fccf839df
1498737149109,-103,,903d185fccf839df
1498737149197,-103,,903d185fccf839df
1498737149245,-103,,903d185fccf839df
1498737149297,-103,,903d185fccf839df
1498737149405,-103,,903d185fccf839df
1498737149490,-103,,903d185fccf839df
1498737149594,-103,,903d185fccf839df
1498737149693,-103,,903d185fccf839df
1498737149795,-103,,903d185fccf839df
1498737149896,-103,,903d185fccf839df
1498737149997,-103,,903d185fccf839df
1498737150096,-103,,903d185fccf839df
1498737150202,-103,,903d185fccf839df
1498737150306,-103,,903d185fccf839df
1498737150398,-103,,903d185fccf839df
1498737150502,-103,,903d185fccf839df
1498737150602,-103,,903d185fccf839df
1498737150695,-103,,903d185fccf839df
1498737150805,-103,,903d185fccf839df
1498737150930,-103,,903d185fccf839df
1498737151045,-103,,903d185fccf839df
1498737151112,-103,,903d185fccf839df
1498737151191,-103,,903d185fccf839df
1498737151293,-103,,903d185fccf839df
1498737151394,-103,,903d185fccf839df
1498737151493,-103,,903d185fccf839df
1498737151602,-103,,903d185fccf839df
1498737151700,-103,,903d185fccf839df
1498737151799,-103,,903d185fccf839df
1498737151896,-103,,903d185fccf839df
1498737151996,-103,,903d185fccf839df
1498737152098,-103,,903d185fccf839df
1498737152189,-103,,903d185fccf839df
1498737152288,-103,,903d185fccf839df
1498737152399,-103,,903d185fccf839df
1498737152495,-103,,903d185fccf839df
1498737152594,-103,,903d185fccf839df
1498737152694,-103,,903d185fccf839df
1498737152793,-103,,903d185fccf839df
1498737152898,-103,,903d185fccf839df
1498737153054,-103,,903d185fccf839df
1498737153201,-103,,903d185fccf839df
1498737153269,-103,,903d185fccf839df
1498737153320,-103,,903d185fccf839df
1498737153405,-103,,903d185fccf839df
1498737153502,-103,,903d185fccf839df
1498737153598,-103,,903d185fccf839df
1498737153707,-103,,903d185fccf839df
1498737153794,-103,,903d185fccf839df
1498737153894,-103,,903d185fccf839df
1498737154002,-103,,903d185fccf839df
1498737154096,-103,,903d185fccf839df
1498737154194,-103,,903d185fccf839df
1498737154304,-103,,903d185fccf839df
1498737154400,-103,,903d185fccf839df
1498737154506,-103,,903d185fccf839df
1498737154597,-103,,903d185fccf839df
1498737154697,-103,,903d185fccf839df
1498737154800,-103,,903d185fccf839df
1498737154899,-103,,903d185fccf839df
1498737155005,-103,,903d185fccf839df
1498737155103,-103,,903d185fccf839df
1498737155206,-103,,903d185fccf839df
1498737155294,-103,,903d185fccf839df
1498737155397,-103,,903d185fccf839df
1498737155507,-103,,903d185fccf839df
1498737155593,-103,,903d185fccf839df
1498737155707,-103,,903d185fccf839df
1498737155798,-103,,903d185fccf839df
1498737155909,-103,,903d185fccf839df
1498737156024,-103,,903d185fccf839df
1498737156098,-103,,903d185fccf839df
1498737156201,-103,,903d185fccf839df
1498737156291,-103,,903d185fccf839df
1498737156408,-103,,903d185fccf839df
1498737156498,-103,,903d185fccf839df
1498737156606,-103,,903d185fccf839df
1498737156692,-103,,903d185fccf839df
1498737156800,-103,,903d185fccf839df
1498737156894,-103,,903d185fccf839df
1498737157001,-103,,903d185fccf839df
1498737157118,-103,,903d185fccf839df
1498737157202,-103,,903d185fccf839df
1498737157294,-103,,903d185fccf839df
1498737157410,-103,,903d185fccf839df
1498737157500,-103,,903d185fccf839df
1498737157601,-103,,903d185fccf839df
1498737157694,-103,,903d185fccf839df
1498737157802,-103,,903d185fccf839df
1498737157893,-103,,903d185fccf839df
1498737158002,-103,,903d185fccf839df
1498737158093,-103,,903d185fccf839df
1498737158193,-103,,903d185fccf839df
1498737158300,-103,,903d185fccf839df
1498737158402,-103,,903d185fccf839df
1498737158500,-103,,903d185fccf839df
1498737158595,-103,,903d185fccf839df
1498737158694,-103,,903d185fccf839df
1498737158794,-103,,903d185fccf839df
1498737158894,-103,,903d185fccf839df
1498737159000,-103,,903d185fccf839df
1498737159095,-103,,903d185fccf839df
1498737159242,-103,,903d185fccf839df
1498737159390,-103,,903d185fccf839df
1498737159439,-103,,903d185fccf839df
1498737159503,-103,,903d185fccf839df
1498737159598,-103,,903d185fccf839df
1498737159696,-103,,903d185fccf839df
1498737159800,-103,,903d185fccf839df
1498737159888,-103,,903d185fccf839df
1498737159994,-103,,903d185fccf839df
1498737160091,-103,,903d185fccf839df
1498737160193,-103,,903d185fccf839df
1498737160297,-103,,903d185fccf839df
1498737160401,-103,,903d185fccf839df
1498737160490,-103,,903d185fccf839df
1498737160609,-103,,903d185fccf839df
1498737160699,-103,,903d185fccf839df
1498737160811,-103,,903d185fccf839df
1498737160900,-103,,903d185fccf839df
1498737161006,-103,,903d185fccf839df
1498737161094,-103,,903d185fccf839df
1498737161204,-103,,903d185fccf839df
1498737161293,-103,,903d185fccf839df
1498737161401,-103,,903d185fccf839df
1498737161505,-103,,903d185fccf839df
1498737161606,-103,,903d185fccf839df
1498737161692,-103,,903d185fccf839df
1498737161797,-103,,903d185fccf839df
1498737161894,-103,,903d185fccf839df
1498737162000,-103,,903d185fccf839df
1498737162135,-103,,903d185fccf839df
1498737162218,-103,,903d185fccf839df
1498737162296,-103,,903d185fccf839df
1498737162406,-103,,903d185fccf839df
1498737162497,-103,,903d185fccf839df
1498737162599,-103,,903d185fccf839df
1498737162705,-103,,903d185fccf839df
1498737162802,-103,,903d185fccf839df
1498737162900,-103,,903d185fccf839df
1498737162995,-103,,903d185fccf839df
1498737163102,-103,,903d185fccf839df
1498737163203,-103,,903d185fccf839df
1498737163300,-103,,903d185fccf839df
1498737163400,-103,,903d185fccf839df
1498737163503,-103,,903d185fccf839df
1498737163631,-103,,903d185fccf839df
1498737163772,-103,,903d185fccf839df
1498737163853,-103,,903d185fccf839df
1498737163909,-103,,903d185fccf839df
1498737164002,-103,,903d185fccf839df
1498737164097,-103,,903d185fccf839df
1498737164202,-103,,903d185fccf839df
1498737164295,-103,,903d185fccf839df
1498737164415,-103,,903d185fccf839df
1498737164503,-103,,903d185fccf839df
1498737164601,-103,,903d185fccf839df
1498737164696,-103,,903d185fccf839df
1498737164799,-103,,903d185fccf839df
1498737164895,-103,,903d185fccf839df
1498737164995,-103,,903d185fccf839df
1498737165103,-103,,903d185fccf839df
1498737165202,-103,,903d185fccf839df
1498737165301,-103,,903d185fccf839df
1498737165417,-103,,903d185fccf839df
1498737165499,-103,,903d185fccf839df
1498737165589,-103,,903d185fccf839df
1498737165703,-103,,903d185fccf839df
1498737165796,-103,,903d185fccf839df
1498737165908,-103,,903d185fccf839df
1498737166005,-103,,903d185fccf839df
1498737166103,-103,,903d185fccf839df
1498737166197,-103,,903d185fccf839df
1498737166300,-103,,903d185fccf839df
1498737166411,-103,,903d185fccf839df
1498737166504,-103,,903d185fccf839df
1498737166598,-103,,903d185fccf839df
1498737166693,-103,,903d185fccf839df
1498737166789,-103,,903d185fccf839df
1498737166895,-103,,903d185fccf839df
1498737167000,-103,,903d185fccf839df
1498737167112,-103,,903d185fccf839df
1498737167213,-103,,903d185fccf839df
1498737167303,-103,,903d185fccf839df
1498737167395,-103,,903d185fccf839df
1498737167500,-103,,903d185fccf839df
1498737167602,-103,,903d185fccf839df
1498737167696,-103,,903d185fccf839df
1498737167803,-103,,903d185fccf839df
1498737167896,-103,,903d185fccf839df
1498737168007,-103,,903d185fccf839df
1498737168092,-103,,903d185fccf839df
1498737168200,-103,,903d185fccf839df
1498737168295,-103,,903d185fccf839df
1498737168403,-103,,903d185fccf839df
1498737168494,-103,,903d185fccf839df
1498737168611,-103,,903d185fccf839df
1498737168705,-103,,903d185fccf839df
1498737168806,-103,,903d185fccf839df
1498737168888,-103,,903d185fccf839df
1498737169002,-103,,903d185fccf839df
1498737169096,-103,,903d185fccf839df
1498737169206,-103,,903d185fccf839df
1498737169299,-103,,903d185fccf839df
1498737169400,-103,,903d185fccf839df
1498737169503,-103,,903d185fccf839df
1498737169594,-103,,903d185fccf839df
1498737169700,-103,,903d185fccf839df
1498737169790,-103,,903d185fccf839df
1498737169899,-103,,903d185fccf839df
1498737169999,-103,,903d185fccf839df
1498737170098,-103,,903d185fccf839df
1498737170206,-103,,903d185fccf839df
1498737170299,-103,,903d185fccf839df
1498737170411,-103,,903d185fccf839df
1498737170508,-103,,903d185fccf839df
1498737170596,-103,,903d185fccf839df
1498737170696,-103,,903d185fccf839df
1498737170797,-103,,903d185fccf839df
1498737170920,-103,,903d185fccf839df
1498737170996,-103,,903d185fccf839df
1498737171098,-103,,903d185fccf839df
1498737171199,-103,,903d185fccf839df
1498737171300,-103,,903d185fccf839df
1498737171399,-103,,903d185fccf839df
1498737171506,-103,,903d185fccf839df
1498737171598,-103,,903d185fccf839df
1498737171703,-103,,903d185fccf839df
1498737171799,-103,,903d185fccf839df
1498737171898,-103,,903d185fccf839df
1498737171994,-103,,903d185fccf839df
1498737172093,-103,,903d185fccf839df
1498737172207,-103,,903d185fccf839df
1498737172292,-103,,903d185fccf839df
1498737172410,-103,,903d185fccf839df
1498737172495,-103,,903d185fccf839df
1498737172592,-103,,903d185fccf839df
1498737172694,-103,,903d185fccf839df
1498737172795,-103,,903d185fccf839df
1498737172888,-103,,903d185fccf839df
1498737173004,-103,,903d185fccf839df
1498737173099,-103,,903d185fccf839df
1498737173201,-103,,903d185fccf839df
1498737173297,-103,,903d185fccf839df
1498737173403,-103,,903d185fccf839df
1498737173490,-103,,903d185fccf839df
1498737173594,-103,,903d185fccf839df
1498737173703,-103,,903d185fccf839df
1498737173796,-103,,903d185fccf839df
1498737173894,-103,,903d185fccf839df
1498737173991,-103,,903d185fccf839df
1498737174094,-103,,903d185fccf839df
1498737174189,-103,,903d185fccf839df
1498737174286,-103,,903d185fccf839df
1498737174407,-103,,903d185fccf839df
1498737174493,-103,,903d185fccf839df
1498737174597,-103,,903d185fccf839df
1498737174690,-103,,903d185fccf839df
1498737174804,-103,,903d185fccf839df
1498737174899,-103,,903d185fccf839df
1498737174991,-103,,903d185fccf839df
1498737175101,-103,,903d185fccf839df
1498737175202,-103,,903d185fccf839df
1498737175294,-103,,903d185fccf839df
1498737175401,-103,,903d185fccf839df
1498737175497,-103,,903d185fccf839df
1498737175596,-103,,903d185fccf839df
1498737175688,-103,,903d185fccf839df
1498737175798,-103,,903d185fccf839df
1498737175902,-103,,903d185fccf839df
1498737176007,-103,,903d185fccf839df
1498737176102,-103,,903d185fccf839df
1498737176205,-103,,903d185fccf839df
1498737176302,-103,,903d185fccf839df
1498737176407,-103,,903d185fccf839df
1498737176497,-103,,903d185fccf839df
1498737176600,-103,,903d185fccf839df
1498737176698,-103,,903d185fccf839df
1498737176804,-103,,903d185fccf839df
1498737176891,-103,,903d185fccf839df
1498737176995,-103,,903d185fccf839df
1498737177091,-103,,903d185fccf839df
1498737177196,-103,,903d185fccf839df
1498737177296,-103,,903d185fccf839df
1498737177400,-103,,903d185fccf839df
1498737177497,-103,,903d185fccf839df
1498737177598,-103,,903d185fccf839df
1498737177699,-103,,903d185fccf839df
1498737177793,-103,,903d185fccf839df
1498737177892,-103,,903d185fccf839df
1498737177996,-103,,903d185fccf839df
1498737178098,-103,,903d185fccf839df
1498737178198,-103,,903d185fccf839df
1498737178294,-103,,903d185fccf839df
1498737178401,-103,,903d185fccf839df
1498737178498,-103,,903d185fccf839df
1498737178599,-103,,903d185fccf839df
1498737178703,-103,,903d185fccf839df
1498737178800,-103,,903d185fccf839df
1498737178901,-103,,903d185fccf839df
1498737178991,-103,,903d185fccf839df
1498737179103,-103,,903d185fccf839df
1498737179204,-103,,903d185fccf839df
1498737179309,-103,,903d185fccf839df
1498737179410,-103,,903d185fccf839df
1498737179500,-103,,903d185fccf839df
1498737179596,-103,,903d185fccf839df
1498737179699,-103,,903d185fccf839df
1498737179806,-103,,903d185fccf839df
1498737179899,-103,,903d185fccf839df
1498737179997,-103,,903d185fccf839df
1498737180099,-103,,903d185fccf839df
1498737180207,-103,,903d185fccf839df
1498737180296,-103,,903d185fccf839df
1498737180405,-103,,903d185fccf839df
1498737180492,-103,,903d185fccf839df
1498737180595,-103,,903d185fccf839df
1498737180694,-103,,903d185fccf839df
1498737180806,-103,,903d185fccf839df
1498737180906,-103,,903d185fccf839df
1498737181005,-103,,903d185fccf839df
1498737181097,-103,,903d185fccf839df
1498737181202,-103,,903d185fccf839df
1498737181293,-103,,903d185fccf839df
1498737181411,-103,,903d185fccf839df
1498737181500,-103,,903d185fccf839df
1498737181610,-103,,903d185fccf839df
1498737181701,-103,,903d185fccf839df
1498737181796,-103,,903d185fccf839df
1498737181896,-103,,903d185fccf839df
1498737182003,-103,,903d185fccf839df
1498737182092,-103,,903d185fccf839df
1498737182206,-103,,903d185fccf839df
1498737182317,-103,,903d185fccf839df
1498737182401,-103,,903d185fccf839df
1498737182496,-103,,903d185fccf839df
1498737182594,-103,,903d185fccf839df
1498737182699,-103,,903d185fccf839df
1498737182800,-103,,903d185fccf839df
1498737182913,-103,,903d185fccf839df
1498737182997,-103,,903d185fccf839df
1498737183106,-103,,903d185fccf839df
1498737183202,-103,,903d185fccf839df
1498737183287,-103,,903d185fccf839df
1498737183475,-103,,903d185fccf839df
1498737183565,-103,,903d185fccf839df
1498737183594,-103,,903d185fccf839df
1498737183687,-103,,903d185fccf839df
1498737183811,-103,,903d185fccf839df
1498737183912,-103,,903d185fccf839df
1498737184005,-103,,903d185fccf839df
1498737184102,-103,,903d185fccf839df
1498737184199,-103,,903d185fccf839df
1498737184293,-103,,903d185fccf839df
1498737184423,-103,,903d185fccf839df
1498737184584,-103,,903d185fccf839df
1498737184652,-103,,903d185fccf839df
1498737184719,-103,,903d185fccf839df
1498737184812,-103,,903d185fccf839df
1498737184898,-103,,903d185fccf839df
1498737185039,-103,,903d185fccf839df
1498737185094,-103,,903d185fccf839df
1498737185181,-103,,903d185fccf839df
1498737185299,-103,,903d185fccf839df
1498737185431,-103,,903d185fccf839df
1498737185498,-103,,903d185fccf839df
1498737185588,-103,,903d185fccf839df
1498737185687,-103,,903d185fccf839df
1498737185785,-103,,903d185fccf839df
1498737185885,-103,,903d185fccf839df
1498737186002,-103,,903d185fccf839df
1498737186099,-103,,903d185fccf839df
1498737186200,-103,,903d185fccf839df
1498737186302,-103,,903d185fccf839df
1498737186404,-103,,903d185fccf839df
1498737186508,-103,,903d185fccf839df
1498737186586,-103,,903d185fccf839df
1498737186695,-103,,903d185fccf839df
1498737186794,-103,,903d185fccf839df
1498737186892,-103,,903d185fccf839df
1498737186998,-103,,903d185fccf839df
1498737187094,-103,,903d185fccf839df
1498737187206,-103,,903d185fccf839df
1498737187293,-103,,903d185fccf839df
1498737187404,-103,,903d185fccf839df
1498737187493,-103,,903d185fccf839df
1498737187597,-103,,903d185fccf839df
1498737187691,-103,,903d185fccf839df
1498737187792,-103,,903d185fccf839df
1498737187894,-103,,903d185fccf839df
1498737188003,-103,,903d185fccf839df
1498737188091,-103,,903d185fccf839df
1498737188201,-103,,903d185fccf839df
1498737188289,-103,,903d185fccf839df
1498737188408,-103,,903d185fccf839df
1498737188498,-103,,903d185fccf839df
1498737188608,-103,,903d185fccf839df
1498737188694,-103,,903d185fccf839df
1498737188796,-103,,903d185fccf839df
1498737188903,-103,,903d185fccf839df
1498737189002,-103,,903d185fccf839df
1498737189095,-103,,903d185fccf839df
1498737189198,-103,,903d185fccf839df
1498737189301,-103,,903d185fccf839df
1498737189406,-103,,903d185fccf839df
1498737189502,-103,,903d185fccf839df
1498737189597,-103,,903d185fccf839df
1498737189693,-103,,903d185fccf839df
1498737189792,-103,,903d185fccf839df
1498737189895,-103,,903d185fccf839df
1498737190007,-103,,903d185fccf839df
1498737190098,-103,,903d185fccf839df
1498737190193,-103,,903d185fccf839df
1498737190299,-103,,903d185fccf839df
1498737190400,-103,,903d185fccf839df
1498737190495,-103,,903d185fccf839df
1498737190592,-103,,903d185fccf839df
1498737190698,-103,,903d185fccf839df
1498737190805,-103,,903d185fccf839df
1498737190892,-103,,903d185fccf839df
1498737191002,-103,,903d185fccf839df
1498737191095,-103,,903d185fccf839df
1498737191197,-103,,903d185fccf839df
1498737191298,-103,,903d185fccf839df
1498737191408,-103,,903d185fccf839df
1498737191502,-103,,903d185fccf839df
1498737191612,-103,,903d185fccf839df
1498737191704,-103,,903d185fccf839df
1498737191795,-103,,903d185fccf839df
1498737191904,-103,,903d185fccf839df
1498737192003,-103,,903d185fccf839df
1498737192094,-103,,903d185fccf839df
1498737192199,-103,,903d185fccf839df
1498737192293,-103,,903d185fccf839df
1498737192403,-103,,903d185fccf839df
1498737192499,-103,,903d185fccf839df
1498737192596,-103,,903d185fccf839df
1498737192709,-103,,903d185fccf839df
1498737192814,-103,,903d185fccf839df
1498737192896,-103,,903d185fccf839df
1498737192999,-103,,903d185fccf839df
1498737193101,-103,,903d185fccf839df
1498737193195,-103,,903d185fccf839df
1498737193304,-103,,903d185fccf839df
1498737193409,-103,,903d185fccf839df
1498737193495,-103,,903d185fccf839df
1498737193603,-103,,903d185fccf839df
1498737193696,-103,,903d185fccf839df
1498737193790,-103,,903d185fccf839df
1498737193895,-103,,903d185fccf839df
1498737193998,-103,,903d185fccf839df
1498737194098,-103,,903d185fccf839df
1498737194190,-103,,903d185fccf839df
1498737194304,-103,,903d185fccf839df
1498737194400,-103,,903d185fccf839df
1498737194488,-103,,903d185fccf839df
1498737194599,-103,,903d185fccf839df
1498737194693,-103,,903d185fccf839df
1498737194807,-103,,903d185fccf839df
1498737194899,-103,,903d185fccf839df
1498737194996,-103,,903d185fccf839df
1498737195095,-103,,903d185fccf839df
1498737195198,-103,,903d185fccf839df
1498737195296,-103,,903d185fccf839df
1498737195403,-103,,903d185fccf839df
1498737195495,-103,,903d185fccf839df
1498737195600,-103,,903d185fccf839df
1498737195700,-103,,903d185fccf839df
1498737195796,-103,,903d185fccf839df
1498737195904,-103,,903d185fccf839df
1498737196001,-103,,903d185fccf839df
1498737196095,-103,,903d185fccf839df
1498737196198,-103,,903d185fccf839df
1498737196297,-103,,903d185fccf839df
1498737196405,-103,,903d185fccf839df
1498737196492,-103,,903d185fccf839df
1498737196600,-103,,903d185fccf839df
1498737196708,-103,,903d185fccf839df
1498737196810,-103,,903d185fccf839df
1498737196903,-103,,903d185fccf839df
1498737196996,-103,,903d185fccf839df
1498737197128,-103,,903d185fccf839df
1498737197207,-103,,903d185fccf839df
1498737197300,-103,,903d185fccf839df
1498737197401,-103,,903d185fccf839df
1498737197494,-103,,903d185fccf839df
1498737197601,-103,,903d185fccf839df
1498737197715,-103,,903d185fccf839df
1498737197819,-103,,903d185fccf839df
1498737197900,-103,,903d185fccf839df
1498737198025,-103,,903d185fccf839df
1498737198107,-103,,903d185fccf839df
1498737198207,-103,,903d185fccf839df
1498737198294,-103,,903d185fccf839df
1498737198413,-103,,903d185fccf839df
1498737198493,-103,,903d185fccf839df
1498737198600,-103,,903d185fccf839df
1498737198696,-103,,903d185fccf839df
1498737198800,-103,,903d185fccf839df
1498737198897,-103,,903d185fccf839df
1498737199000,-103,,903d185fccf839df
1498737199099,-103,,903d185fccf839df
1498737199205,-103,,903d185fccf839df
1498737199307,-103,,903d185fccf839df
1498737199401,-103,,903d185fccf839df
1498737199498,-103,,903d185fccf839df
1498737199594,-103,,903d185fccf839df
1498737199700,-103,,903d185fccf839df
1498737199810,-103,,903d185fccf839df
1498737199914,-103,,903d185fccf839df
1498737200009,-103,,903d185fccf839df
1498737200108,-103,,903d185fccf839df
1498737200209,-103,,903d185fccf839df
1498737200304,-103,,903d185fccf839df
1498737200406,-103,,903d185fccf839df
1498737200498,-103,,903d185fccf839df
1498737200599,-103,,903d185fccf839df
1498737200692,-103,,903d185fccf839df
1498737200810,-103,,903d185fccf839df
1498737200903,-103,,903d185fccf839df
1498737201002,-103,,903d185fccf839df
1498737201104,-103,,903d185fccf839df
1498737201210,-103,,903d185fccf839df
1498737201321,-103,,903d185fccf839df
1498737201402,-103,,903d185fccf839df
1498737201512,-103,,903d185fccf839df
1498737201629,-103,,903d185fccf839df
1498737201702,-103,,903d185fccf839df
1498737201811,-103,,903d185fccf839df
1498737201900,-103,,903d185fccf839df
1498737201999,-103,,903d185fccf839df
1498737202103,-103,,903d185fccf839df
1498737202197,-103,,903d185fccf839df
1498737202296,-103,,903d185fccf839df
1498737202407,-103,,903d185fccf839df
1498737202496,-103,,903d185fccf839df
1498737202604,-103,,903d185fccf839df
1498737202733,-103,,903d185fccf839df
1498737202822,-103,,903d185fccf839df
1498737202909,-103,,903d185fccf839df
1498737203001,-103,,903d185fccf839df
1498737203094,-103,,903d185fccf839df
1498737203208,-103,,903d185fccf839df
1498737203318,-103,,903d185fccf839df
1498737203418,-103,,903d185fccf839df
1498737203493,-103,,903d185fccf839df
1498737203603,-103,,903d185fccf839df
1498737203695,-103,,903d185fccf839df
1498737203807,-103,,903d185fccf839df
1498737203909,-103,,903d185fccf839df
1498737203998,-103,,903d185fccf839df
1498737204104,-103,,903d185fccf839df
1498737204199,-103,,903d185fccf839df
1498737204293,-103,,903d185fccf839df
1498737204405,-103,,903d185fccf839df
1498737204499,-103,,903d185fccf839df
1498737204600,-103,,903d185fccf839df
1498737204690,-103,,903d185fccf839df
1498737204802,-103,,903d185fccf839df
1498737204903,-103,,903d185fccf839df
1498737205000,-103,,903d185fccf839df
1498737205094,-103,,903d185fccf839df
1498737205206,-103,,903d185fccf839df
1498737205291,-103,,903d185fccf839df
1498737205409,-103,,903d185fccf839df
1498737205496,-103,,903d185fccf839df
1498737205605,-103,,903d185fccf839df
1498737205687,-103,,903d185fccf839df
1498737205800,-103,,903d185fccf839df
1498737205901,-103,,903d185fccf839df
1498737206002,-103,,903d185fccf839df
1498737206097,-103,,903d185fccf839df
1498737206200,-103,,903d185fccf839df
1498737206298,-103,,903d185fccf839df
1498737206395,-103,,903d185fccf839df
1498737206500,-103,,903d185fccf839df
1498737206616,-103,,903d185fccf839df
1498737206698,-103,,903d185fccf839df
1498737206807,-103,,903d185fccf839df
1498737206899,-103,,903d185fccf839df
1498737207001,-103,,903d185fccf839df
1498737207101,-103,,903d185fccf839df
1498737207200,-103,,903d185fccf839df
1498737207300,-103,,903d185fccf839df
1498737207405,-103,,903d185fccf839df
1498737207493,-103,,903d185fccf839df
1498737207602,-103,,903d185fccf839df
1498737207700,-103,,903d185fccf839df
1498737207793,-103,,903d185fccf839df
1498737207902,-103,,903d185fccf839df
1498737208101,-103,,903d185fccf839df
1498737208438,-103,,903d185fccf839df
1498737208544,-103,,903d185fccf839df
1498737208617,-103,,903d185fccf839df
1498737208760,-103,,903d185fccf839df
1498737208876,-103,,903d185fccf839df
1498737209066,-103,,903d185fccf839df
1498737209455,-103,,903d185fccf839df
1498737209557,-103,,903d185fccf839df
1498737209636,-103,,903d185fccf839df
1498737209701,-103,,903d185fccf839df
1498737209796,-103,,903d185fccf839df
1498737209904,-103,,903d185fccf839df
1498737210069,-103,,903d185fccf839df
1498737210124,-103,,903d185fccf839df
1498737210250,-103,,903d185fccf839df
1498737210316,-103,,903d185fccf839df
1498737210428,-103,,903d185fccf839df
1498737210529,-103,,903d185fccf839df
1498737210601,-103,,903d185fccf839df
1498737210794,-103,,903d185fccf839df
1498737210995,-103,,903d185fccf839df
1498737211125,-103,,903d185fccf839df
1498737211168,-103,,903d185fccf839df
1498737211206,-103,,903d185fccf839df
1498737211295,-103,,903d185fccf839df
1498737211405,-103,,903d185fccf839df
1498737211496,-103,,903d185fccf839df
1498737211616,-103,,903d185fccf839df
1498737211733,-103,,903d185fccf839df
1498737211805,-103,,903d185fccf839df
1498737211895,-103,,903d185fccf839df
1498737211993,-103,,903d185fccf839df
1498737212092,-103,,903d185fccf839df
1498737212198,-103,,903d185fccf839df
1498737212299,-103,,903d185fccf839df
1498737212404,-103,,903d185fccf839df
1498737212499,-103,,903d185fccf839df
1498737212601,-103,,903d185fccf839df
1498737212699,-103,,903d185fccf839df
1498737212792,-103,,903d185fccf839df
1498737212899,-103,,903d185fccf839df
1498737213000,-103,,903d185fccf839df
1498737213100,-103,,903d185fccf839df
1498737213202,-103,,903d185fccf839df
1498737213296,-103,,903d185fccf839df
1498737213396,-103,,903d185fccf839df
1498737213496,-103,,903d185fccf839df
1498737213599,-103,,903d185fccf839df
1498737213706,-103,,903d185fccf839df
1498737213795,-103,,903d185fccf839df
1498737213895,-103,,903d185fccf839df
1498737213999,-103,,903d185fccf839df
1498737214097,-103,,903d185fccf839df
1498737214201,-103,,903d185fccf839df
1498737214291,-103,,903d185fccf839df
1498737214411,-103,,903d185fccf839df
1498737214498,-103,,903d185fccf839df
1498737214604,-103,,903d185fccf839df
1498737214697,-103,,903d185fccf839df
1498737214791,-103,,903d185fccf839df
1498737214904,-103,,903d185fccf839df
1498737215012,-103,,903d185fccf839df
1498737215096,-103,,903d185fccf839df
1498737215205,-103,,903d185fccf839df
1498737215292,-103,,903d185fccf839df
1498737215416,-103,,903d185fccf839df
1498737215498,-103,,903d185fccf839df
1498737215604,-103,,903d185fccf839df
1498737215690,-103,,903d185fccf839df
1498737215804,-103,,903d185fccf839df
1498737215896,-103,,903d185fccf839df
1498737216002,-103,,903d185fccf839df
1498737216100,-103,,903d185fccf839df
1498737216196,-103,,903d185fccf839df
1498737216303,-103,,903d185fccf839df
1498737216411,-103,,903d185fccf839df
1498737216534,-103,,903d185fccf839df
1498737216616,-103,,903d185fccf839df
1498737216695,-103,,903d185fccf839df
1498737216800,-103,,903d185fccf839df
1498737216899,-103,,903d185fccf839df
1498737216999,-103,,903d185fccf839df
1498737217095,-103,,903d185fccf839df
1498737217204,-103,,903d185fccf839df
1498737217300,-103,,903d185fccf839df
1498737217411,-103,,903d185fccf839df
1498737217512,-103,,903d185fccf839df
1498737217612,-103,,903d185fccf839df
1498737217718,-103,,903d185fccf839df
1498737217850,-103,,903d185fccf839df
1498737217905,-103,,903d185fccf839df
1498737218007,-103,,903d185fccf839df
1498737218099,-103,,903d185fccf839df
1498737218200,-103,,903d185fccf839df
1498737218301,-103,,903d185fccf839df
1498737218404,-103,,903d185fccf839df
1498737218511,-103,,903d185fccf839df
1498737218616,-103,,903d185fccf839df
1498737218697,-103,,903d185fccf839df
1498737218805,-103,,903d185fccf839df
1498737218898,-103,,903d185fccf839df
1498737219011,-103,,903d185fccf839df
1498737219100,-103,,903d185fccf839df
1498737219205,-103,,903d185fccf839df
1498737219299,-103,,903d185fccf839df
1498737219404,-103,,903d185fccf839df
1498737219494,-103,,903d185fccf839df
1498737219597,-103,,903d185fccf839df
1498737219698,-103,,903d185fccf839df
1498737219802,-103,,903d185fccf839df
1498737219906,-103,,903d185fccf839df
1498737220003,-103,,903d185fccf839df
1498737220097,-103,,903d185fccf839df
1498737220202,-103,,903d185fccf839df
1498737220292,-103,,903d185fccf839df
1498737220416,-103,,903d185fccf839df
1498737220492,-103,,903d185fccf839df
1498737220604,-103,,903d185fccf839df
1498737220690,-103,,903d185fccf839df
1498737220901,-103,,903d185fccf839df
1498737221149,-93,,903d185fccf839df
1498737221403,-93,,903d185fccf839df
1498737221436,-93,,903d185fccf839df
1498737221603,-93,,903d185fccf839df
1498737221715,-93,,903d185fccf839df
1498737221792,-93,,903d185fccf839df
1498737221925,-93,,903d185fccf839df
1498737222104,-93,,903d185fccf839df
1498737222595,-85,,903d185fccf839df
1498737222723,-85,,903d185fccf839df
1498737222796,-85,,903d185fccf839df
1498737222915,-85,,903d185fccf839df
1498737222966,-85,,903d185fccf839df
1498737223004,-85,,903d185fccf839df
1498737223102,-85,,903d185fccf839df
1498737223212,-85,,903d185fccf839df
1498737223286,-85,,903d185fccf839df
1498737223408,-85,,903d185fccf839df
1498737223493,-85,,903d185fccf839df
1498737223601,-85,,903d185fccf839df
1498737223705,-85,,903d185fccf839df
1498737223812,-85,,903d185fccf839df
1498737224668,-89,,903d185fccf839df
1498737224835,-89,,903d185fccf839df
1498737224927,-89,,903d185fccf839df
1498737225063,-89,,903d185fccf839df
1498737225156,-89,,903d185fccf839df
1498737225195,-89,,903d185fccf839df
1498737225315,-89,,903d185fccf839df
1498737225514,-89,,903d185fccf839df
1498737225699,-89,,903d185fccf839df
1498737225816,-89,,903d185fccf839df
1498737225910,-89,,903d185fccf839df
1498737226006,-89,,903d185fccf839df
1498737226125,-89,,903d185fccf839df
1498737226213,-89,,903d185fccf839df
1498737226295,-89,,903d185fccf839df
1498737226395,-89,,903d185fccf839df
1498737226500,-89,,903d185fccf839df
1498737226600,-89,,903d185fccf839df
1498737226683,-89,,903d185fccf839df
1498737226795,-89,,903d185fccf839df
1498737226986,-89,,903d185fccf839df
1498737227058,-89,,903d185fccf839df
1498737227159,-89,,903d185fccf839df
1498737227230,-89,,903d185fccf839df
1498737227330,-89,,903d185fccf839df
1498737227409,-89,,903d185fccf839df
1498737227547,-89,,903d185fccf839df
1498737227625,-89,,903d185fccf839df
1498737227727,-89,,903d185fccf839df
1498737227843,-89,,903d185fccf839df
1498737227956,-89,,903d185fccf839df
1498737228029,-89,,903d185fccf839df
1498737228106,-89,,903d185fccf839df
1498737228209,-89,,903d185fccf839df
1498737228306,-89,,903d185fccf839df
1498737228394,-89,,903d185fccf839df
1498737228537,-89,,903d185fccf839df
1498737228606,-89,,903d185fccf839df
1498737228705,-89,,903d185fccf839df
1498737228814,-89,,903d185fccf839df
1498737228890,-89,,903d185fccf839df
1498737229004,-89,,903d185fccf839df
1498737229108,-89,,903d185fccf839df
1498737229192,-89,,903d185fccf839df
1498737229286,-89,,903d185fccf839df
1498737229396,-89,,903d185fccf839df
1498737229505,-89,,903d185fccf839df
1498737229588,-89,,903d185fccf839df
1498737229684,-89,,903d185fccf839df
1498737229785,-89,,903d185fccf839df
1498737229884,-89,,903d185fccf839df
1498737229985,-89,,903d185fccf839df
1498737230082,-89,,903d185fccf839df
1498737230185,-89,,903d185fccf839df
1498737230307,-89,,903d185fccf839df
1498737230389,-89,,903d185fccf839df
1498737230489,-89,,903d185fccf839df
1498737230592,-89,,903d185fccf839df
1498737230684,-89,,903d185fccf839df
1498737230786,-89,,903d185fccf839df
1498737230884,-89,,903d185fccf839df
1498737231002,-89,,903d185fccf839df
1498737231078,-89,,903d185fccf839df
1498737231185,-89,,903d185fccf839df
1498737231293,-89,,903d185fccf839df
1498737231394,-89,,903d185fccf839df
1498737231488,-89,,903d185fccf839df
1498737231593,-89,,903d185fccf839df
1498737231704,-89,,903d185fccf839df
1498737231793,-89,,903d185fccf839df
1498737231895,-89,,903d185fccf839df
1498737231991,-89,,903d185fccf839df
1498737232094,-89,,903d185fccf839df
1498737232192,-89,,903d185fccf839df
1498737232281,-89,,903d185fccf839df
1498737232388,-89,,903d185fccf839df
1498737232490,-89,,903d185fccf839df
1498737232601,-89,,903d185fccf839df
1498737232683,-89,,903d185fccf839df
1498737232789,-89,,903d185fccf839df
1498737232880,-89,,903d185fccf839df
1498737232979,-89,,903d185fccf839df
1498737233097,-89,,903d185fccf839df
1498737233197,-89,,903d185fccf839df
1498737233285,-89,,903d185fccf839df
1498737233387,-89,,903d185fccf839df
1498737233486,-89,,903d185fccf839df
1498737233628,-89,,903d185fccf839df
1498737233696,-89,,903d185fccf839df
1498737233786,-89,,903d185fccf839df
1498737233891,-89,,903d185fccf839df
1498737233986,-89,,903d185fccf839df
1498737234110,-89,,903d185fccf839df
1498737234193,-89,,903d185fccf839df
1498737234284,-89,,903d185fccf839df
1498737234407,-89,,903d185fccf839df
1498737234503,-89,,903d185fccf839df
1498737234593,-89,,903d185fccf839df
1498737234693,-89,,903d185fccf839df
1498737234791,-89,,903d185fccf839df
1498737234887,-89,,903d185fccf839df
1498737234988,-89,,903d185fccf839df
1498737235090,-89,,903d185fccf839df
1498737235191,-89,,903d185fccf839df
1498737235297,-89,,903d185fccf839df
1498737235386,-89,,903d185fccf839df
1498737235495,-89,,903d185fccf839df
1498737235592,-89,,903d185fccf839df
1498737235685,-89,,903d185fccf839df
1498737235784,-89,,903d185fccf839df
1498737235988,-89,,903d185fccf839df
1498737237233,-101,,903d185fccf839df
1498737237268,-101,,903d185fccf839df
1498737237322,-101,,903d185fccf839df
1498737237404,-101,,903d185fccf839df
1498737237485,-101,,903d185fccf839df
1498737237593,-101,,903d185fccf839df
1498737237681,-101,,903d185fccf839df
1498737237791,-101,,903d185fccf839df
1498737237887,-101,,903d185fccf839df
1498737237995,-101,,903d185fccf839df
1498737238095,-101,,903d185fccf839df
1498737238192,-101,,903d185fccf839df
1498737238285,-101,,903d185fccf839df
1498737238389,-101,,903d185fccf839df
1498737238492,-101,,903d185fccf839df
1498737238597,-101,,903d185fccf839df
1498737238691,-101,,903d185fccf839df
1498737238791,-101,,903d185fccf839df
1498737238896,-101,,903d185fccf839df
1498737238982,-101,,903d185fccf839df
1498737239091,-101,,903d185fccf839df
1498737239182,-101,,903d185fccf839df
1498737239285,-101,,903d185fccf839df
1498737239402,-101,,903d185fccf839df
1498737239501,-101,,903d185fccf839df
1498737239596,-101,,903d185fccf839df
1498737239685,-101,,903d185fccf839df
1498737239786,-101,,903d185fccf839df
1498737239986,-101,,903d185fccf839df
1498737240289,-101,,903d185fccf839df
1498737240855,-105,,903d185fccf839df
1498737240907,-105,,903d185fccf839df
1498737241038,-105,,903d185fccf839df
1498737241102,-105,,903d185fccf839df
1498737241188,-105,,903d185fccf839df
1498737241288,-105,,903d185fccf839df
1498737241388,-105,,903d185fccf839df
1498737241488,-105,,903d185fccf839df
1498737241593,-105,,903d185fccf839df
1498737241682,-105,,903d185fccf839df
1498737241795,-105,,903d185fccf839df
1498737241895,-105,,903d185fccf839df
1498737241992,-105,,903d185fccf839df
1498737242087,-105,,903d185fccf839df
1498737242192,-105,,903d185fccf839df
1498737242300,-105,,903d185fccf839df
1498737242399,-105,,903d185fccf839df
1498737242487,-105,,903d185fccf839df
1498737242606,-105,,903d185fccf839df
1498737242698,-105,,903d185fccf839df
1498737242786,-105,,903d185fccf839df
1498737242890,-105,,903d185fccf839df
1498737242989,-105,,903d185fccf839df
1498737243080,-105,,903d185fccf839df
1498737243190,-105,,903d185fccf839df
1498737243287,-105,,903d185fccf839df
1498737243385,-105,,903d185fccf839df
1498737243493,-105,,903d185fccf839df
1498737243594,-105,,903d185fccf839df
1498737243698,-105,,903d185fccf839df
1498737243784,-105,,903d185fccf839df
1498737243881,-105,,903d185fccf839df
1498737244097,-105,,903d185fccf839df
1498737245369,-105,,903d185fccf839df
1498737245418,-105,,903d185fccf839df
1498737245490,-105,,903d185fccf839df
1498737245613,-105,,903d185fccf839df
1498737245713,-105,,903d185fccf839df
1498737245798,-105,,903d185fccf839df
1498737245916,-105,,903d185fccf839df
1498737246015,-105,,903d185fccf839df
1498737246103,-105,,903d185fccf839df
1498737246192,-105,,903d185fccf839df
1498737246295,-105,,903d185fccf839df
1498737246397,-105,,903d185fccf839df
1498737246488,-105,,903d185fccf839df
1498737246596,-105,,903d185fccf839df
1498737246698,-105,,903d185fccf839df
1498737246786,-105,,903d185fccf839df
1498737246886,-105,,903d185fccf839df
1498737246993,-105,,903d185fccf839df
1498737247081,-105,,903d185fccf839df
1498737247181,-105,,903d185fccf839df
1498737247290,-105,,903d185fccf839df
1498737247389,-105,,903d185fccf839df
1498737247499,-105,,903d185fccf839df
1498737247601,-105,,903d185fccf839df
1498737247697,-105,,903d185fccf839df
1498737247783,-105,,903d185fccf839df
1498737247893,-105,,903d185fccf839df
1498737249487,-95,,903d185fccf839df
1498737249524,-95,,903d185fccf839df
1498737249616,-95,,903d185fccf839df
1498737249706,-95,,903d185fccf839df
1498737249796,-95,,903d185fccf839df
1498737249901,-95,,903d185fccf839df
1498737250023,-95,,903d185fccf839df
1498737250088,-95,,903d185fccf839df
1498737250203,-95,,903d185fccf839df
1498737250305,-95,,903d185fccf839df
1498737250409,-95,,903d185fccf839df
1498737250619,-95,,903d185fccf839df
1498737250750,-95,,903d185fccf839df
1498737250861,-95,,903d185fccf839df
1498737250948,-95,,903d185fccf839df
1498737251027,-95,,903d185fccf839df
1498737251691,-93,,903d185fccf839df
1498737252335,-93,,903d185fccf839df
1498737252356,-93,,903d185fccf839df
1498737252585,-93,,903d185fccf839df
1498737252673,-93,,903d185fccf839df
1498737252766,-93,,903d185fccf839df
1498737252868,-93,,903d185fccf839df
1498737252968,-93,,903d185fccf839df
1498737253070,-93,,903d185fccf839df
1498737253164,-93,,903d185fccf839df
1498737253260,-93,,903d185fccf839df
1498737253362,-93,,903d185fccf839df
1498737253465,-93,,903d185fccf839df
1498737253559,-93,,903d185fccf839df
1498737253677,-93,,903d185fccf839df
1498737253760,-93,,903d185fccf839df
1498737253884,-93,,903d185fccf839df
1498737254062,-93,,903d185fccf839df
1498737254427,-93,,903d185fccf839df
1498737254825,-91,,903d185fccf839df
1498737254867,-91,,903d185fccf839df
1498737254980,-91,,903d185fccf839df
1498737255062,-91,,903d185fccf839df
1498737255161,-91,,903d185fccf839df
1498737255256,-91,,903d185fccf839df
1498737255362,-91,,903d185fccf839df
1498737255452,-91,,903d185fccf839df
1498737255566,-91,,903d185fccf839df
1498737255675,-91,,903d185fccf839df
1498737255767,-91,,903d185fccf839df
1498737255865,-91,,903d185fccf839df
1498737255958,-91,,903d185fccf839df
1498737256062,-91,,903d185fccf839df
1498737256165,-91,,903d185fccf839df
1498737256262,-91,,903d185fccf839df
1498737256365,-91,,903d185fccf839df
1498737256461,-91,,903d185fccf839df
1498737256562,-91,,903d185fccf839df
1498737256665,-91,,903d185fccf839df
1498737256760,-91,,903d185fccf839df
1498737256857,-91,,903d185fccf839df
1498737256960,-91,,903d185fccf839df
1498737257063,-91,,903d185fccf839df
1498737257189,-91,,903d185fccf839df
1498737257259,-91,,903d185fccf839df
1498737257358,-91,,903d185fccf839df
1498737257462,-91,,903d185fccf839df
1498737257577,-91,,903d185fccf839df
1498737257668,-91,,903d185fccf839df
1498737257766,-91,,903d185fccf839df
1498737257858,-91,,903d185fccf839df
1498737257955,-91,,903d185fccf839df
1498737258062,-91,,903d185fccf839df
1498737258166,-91,,903d185fccf839df
1498737258263,-91,,903d185fccf839df
1498737258375,-91,,903d185fccf839df
1498737258479,-91,,903d185fccf839df
1498737258567,-91,,903d185fccf839df
1498737258661,-91,,903d185fccf839df
1498737258771,-91,,903d185fccf839df
1498737258867,-91,,903d185fccf839df
1498737258963,-91,,903d185fccf839df
1498737259053,-91,,903d185fccf839df
1498737259163,-91,,903d185fccf839df
1498737259258,-91,,903d185fccf839df
1498737259368,-91,,903d185fccf839df
1498737259467,-91,,903d185fccf839df
1498737259565,-91,,903d185fccf839df
1498737259659,-91,,903d185fccf839df
1498737259766,-91,,903d185fccf839df
1498737259858,-91,,903d185fccf839df
1498737259974,-91,,903d185fccf839df
1498737260059,-91,,903d185fccf839df
1498737260162,-91,,903d185fccf839df
1498737260261,-91,,903d185fccf839df
1498737260352,-91,,903d185fccf839df
1498737260467,-91,,903d185fccf839df
1498737260565,-91,,903d185fccf839df
1498737260664,-91,,903d185fccf839df
1498737260767,-91,,903d185fccf839df
1498737260858,-91,,903d185fccf839df
1498737260963,-91,,903d185fccf839df
1498737261066,-91,,903d185fccf839df
1498737261170,-91,,903d185fccf839df
1498737261261,-91,,903d185fccf839df
1498737261358,-91,,903d185fccf839df
1498737261459,-91,,903d185fccf839df
1498737261572,-91,,903d185fccf839df
1498737261657,-91,,903d185fccf839df
1498737261773,-91,,903d185fccf839df
1498737261892,-91,,903d185fccf839df
1498737261971,-91,,903d185fccf839df
1498737262064,-91,,903d185fccf839df
1498737262160,-91,,903d185fccf839df
1498737262258,-91,,903d185fccf839df
1498737262358,-91,,903d185fccf839df
1498737262463,-91,,903d185fccf839df
1498737262561,-91,,903d185fccf839df
1498737262665,-91,,903d185fccf839df
1498737262761,-91,,903d185fccf839df
1498737262857,-91,,903d185fccf839df
1498737262948,-91,,903d185fccf839df
1498737263059,-91,,903d185fccf839df
1498737263164,-91,,903d185fccf839df
1498737263272,-91,,903d185fccf839df
1498737263364,-91,,903d185fccf839df
1498737263467,-91,,903d185fccf839df
1498737263568,-91,,903d185fccf839df
1498737263675,-91,,903d185fccf839df
1498737263758,-91,,903d185fccf839df
1498737263865,-91,,903d185fccf839df
1498737263986,-91,,903d185fccf839df
1498737264080,-91,,903d185fccf839df
1498737264162,-91,,903d185fccf839df
1498737264283,-91,,903d185fccf839df
1498737264359,-91,,903d185fccf839df
1498737264476,-91,,903d185fccf839df
1498737264590,-91,,903d185fccf839df
1498737264668,-91,,903d185fccf839df
1498737264775,-91,,903d185fccf839df
1498737264858,-91,,903d185fccf839df
1498737264967,-91,,903d185fccf839df
1498737265064,-91,,903d185fccf839df
1498737265164,-91,,903d185fccf839df
1498737265264,-91,,903d185fccf839df
1498737265361,-91,,903d185fccf839df
1498737265456,-91,,903d185fccf839df
1498737265551,-91,,903d185fccf839df
1498737265667,-91,,903d185fccf839df
1498737265761,-91,,903d185fccf839df
1498737265862,-91,,903d185fccf839df
1498737265955,-91,,903d185fccf839df
1498737266069,-91,,903d185fccf839df
1498737266158,-91,,903d185fccf839df
1498737266266,-91,,903d185fccf839df
1498737266364,-91,,903d185fccf839df
1498737266459,-91,,903d185fccf839df
1498737266564,-91,,903d185fccf839df
1498737266662,-91,,903d185fccf839df
1498737266760,-91,,903d185fccf839df
1498737266858,-91,,903d185fccf839df
1498737266972,-91,,903d185fccf839df
1498737267062,-91,,903d185fccf839df
1498737267154,-91,,903d185fccf839df
1498737267251,-91,,903d185fccf839df
1498737267348,-91,,903d185fccf839df
1498737267457,-91,,903d185fccf839df
1498737267561,-91,,903d185fccf839df
1498737267657,-91,,903d185fccf839df
1498737267752,-91,,903d185fccf839df
1498737267862,-91,,903d185fccf839df
1498737267954,-91,,903d185fccf839df
1498737268059,-91,,903d185fccf839df
1498737268169,-91,,903d185fccf839df
1498737268260,-91,,903d185fccf839df
1498737268355,-91,,903d185fccf839df
1498737268458,-91,,903d185fccf839df
1498737268575,-91,,903d185fccf839df
1498737268657,-91,,903d185fccf839df
1498737268763,-91,,903d185fccf839df
1498737268858,-91,,903d185fccf839df
1498737268962,-91,,903d185fccf839df
1498737269062,-91,,903d185fccf839df
1498737269166,-91,,903d185fccf839df
1498737269276,-91,,903d185fccf839df
1498737269353,-91,,903d185fccf839df
1498737269477,-91,,903d185fccf839df
1498737269587,-91,,903d185fccf839df
1498737269669,-91,,903d185fccf839df
1498737269768,-91,,903d185fccf839df
1498737269863,-91,,903d185fccf839df
1498737269959,-91,,903d185fccf839df
1498737270066,-91,,903d185fccf839df
1498737270158,-91,,903d185fccf839df
1498737270262,-91,,903d185fccf839df
1498737270366,-91,,903d185fccf839df
1498737270485,-91,,903d185fccf839df
1498737270581,-91,,903d185fccf839df
1498737270664,-91,,903d185fccf839df
1498737270761,-91,,903d185fccf839df
1498737270861,-91,,903d185fccf839df
1498737270953,-91,,903d185fccf839df
1498737271069,-91,,903d185fccf839df
1498737271165,-91,,903d185fccf839df
1498737271257,-91,,903d185fccf839df
1498737271359,-91,,903d185fccf839df
1498737271471,-91,,903d185fccf839df
1498737271566,-91,,903d185fccf839df
1498737271670,-91,,903d185fccf839df
1498737271769,-91,,903d185fccf839df
1498737271870,-91,,903d185fccf839df
1498737272056,-91,,903d185fccf839df
1498737273709,-97,,903d185fccf839df
1498737273763,-97,,903d185fccf839df
1498737273857,-97,,903d185fccf839df
1498737273959,-97,,903d185fccf839df
1498737274061,-97,,903d185fccf839df
1498737274166,-97,,903d185fccf839df
1498737274259,-97,,903d185fccf839df
1498737274362,-97,,903d185fccf839df
1498737274518,-97,,903d185fccf839df
1498737274594,-97,,903d185fccf839df
1498737274666,-97,,903d185fccf839df
1498737274768,-97,,903d185fccf839df
1498737274858,-97,,903d185fccf839df
1498737274961,-97,,903d185fccf839df
1498737275059,-97,,903d185fccf839df
1498737275163,-97,,903d185fccf839df
1498737275263,-97,,903d185fccf839df
1498737275359,-97,,903d185fccf839df
1498737275465,-97,,903d185fccf839df
1498737275565,-97,,903d185fccf839df
1498737275664,-97,,903d185fccf839df
1498737275758,-97,,903d185fccf839df
1498737275860,-97,,903d185fccf839df
1498737275958,-97,,903d185fccf839df
1498737276056,-97,,903d185fccf839df
1498737276163,-97,,903d185fccf839df
1498737276257,-97,,903d185fccf839df
1498737276361,-97,,903d185fccf839df
1498737276453,-97,,903d185fccf839df
1498737276561,-97,,903d185fccf839df
1498737276663,-97,,903d185fccf839df
1498737276770,-97,,903d185fccf839df
1498737276855,-97,,903d185fccf839df
1498737276966,-97,,903d185fccf839df
1498737277058,-97,,903d185fccf839df
1498737277174,-97,,903d185fccf839df
1498737277266,-97,,903d185fccf839df
1498737277354,-97,,903d185fccf839df
1498737277459,-97,,903d185fccf839df
1498737277560,-97,,903d185fccf839df
1498737277672,-97,,903d185fccf839df
1498737277759,-97,,903d185fccf839df
1498737277863,-97,,903d185fccf839df
1498737277957,-97,,903d185fccf839df
1498737278074,-97,,903d185fccf839df
1498737278152,-97,,903d185fccf839df
1498737278264,-97,,903d185fccf839df
1498737278379,-97,,903d185fccf839df
1498737278471,-97,,903d185fccf839df
1498737278581,-97,,903d185fccf839df
1498737278668,-97,,903d185fccf839df
1498737278771,-97,,903d185fccf839df
1498737278860,-97,,903d185fccf839df
1498737278958,-97,,903d185fccf839df
1498737279059,-97,,903d185fccf839df
1498737279161,-97,,903d185fccf839df
1498737279263,-97,,903d185fccf839df
1498737279360,-97,,903d185fccf839df
1498737279464,-97,,903d185fccf839df
1498737279573,-97,,903d185fccf839df
1498737279718,-97,,903d185fccf839df
1498737279788,-97,,903d185fccf839df
1498737279896,-97,,903d185fccf839df
1498737279980,-97,,903d185fccf839df
1498737280073,-97,,903d185fccf839df
1498737280167,-97,,903d185fccf839df
1498737280261,-97,,903d185fccf839df
1498737280366,-97,,903d185fccf839df
1498737280468,-97,,903d185fccf839df
1498737280578,-97,,903d185fccf839df
1498737280662,-97,,903d185fccf839df
1498737280768,-97,,903d185fccf839df
1498737280850,-97,,903d185fccf839df
1498737280957,-97,,903d185fccf839df
1498737281075,-97,,903d185fccf839df
1498737281162,-97,,903d185fccf839df
1498737281268,-97,,903d185fccf839df
1498737281368,-97,,903d185fccf839df
1498737281461,-97,,903d185fccf839df
1498737281568,-97,,903d185fccf839df
1498737281658,-97,,903d185fccf839df
1498737281750,-97,,903d185fccf839df
1498737281867,-97,,903d185fccf839df
1498737281971,-97,,903d185fccf839df
1498737282064,-97,,903d185fccf839df
1498737282172,-97,,903d185fccf839df
1498737282258,-97,,903d185fccf839df
1498737282373,-97,,903d185fccf839df
1498737282478,-97,,903d185fccf839df
1498737282581,-97,,903d185fccf839df
1498737282659,-97,,903d185fccf839df
1498737282764,-97,,903d185fccf839df
1498737282876,-97,,903d185fccf839df
1498737282962,-97,,903d185fccf839df
1498737283055,-97,,903d185fccf839df
1498737283159,-97,,903d185fccf839df
1498737283282,-97,,903d185fccf839df
1498737283393,-97,,903d185fccf839df
1498737283477,-97,,903d185fccf839df
1498737283587,-97,,903d185fccf839df
1498737283664,-97,,903d185fccf839df
1498737283779,-97,,903d185fccf839df
1498737283869,-97,,903d185fccf839df
1498737283968,-97,,903d185fccf839df
1498737284092,-97,,903d185fccf839df
1498737284183,-97,,903d185fccf839df
1498737284282,-97,,903d185fccf839df
1498737284407,-97,,903d185fccf839df
1498737284478,-97,,903d185fccf839df
1498737284569,-97,,903d185fccf839df
1498737284673,-97,,903d185fccf839df
1498737284773,-97,,903d185fccf839df
1498737284863,-97,,903d185fccf839df
1498737284973,-97,,903d185fccf839df
1498737285096,-97,,903d185fccf839df
1498737285194,-97,,903d185fccf839df
1498737285277,-97,,903d185fccf839df
1498737285412,-97,,903d185fccf839df
1498737285481,-97,,903d185fccf839df
1498737285589,-97,,903d185fccf839df
1498737285671,-97,,903d185fccf839df
1498737285766,-97,,903d185fccf839df
1498737285859,-97,,903d185fccf839df
1498737285964,-97,,903d185fccf839df
1498737286059,-97,,903d185fccf839df
1498737286164,-97,,903d185fccf839df
1498737286265,-97,,903d185fccf839df
1498737286384,-97,,903d185fccf839df
1498737286469,-97,,903d185fccf839df
1498737286577,-97,,903d185fccf839df
1498737286674,-97,,903d185fccf839df
1498737286787,-97,,903d185fccf839df
1498737286858,-97,,903d185fccf839df
1498737286956,-97,,903d185fccf839df
1498737287055,-97,,903d185fccf839df
1498737287165,-97,,903d185fccf839df
1498737287253,-97,,903d185fccf839df
1498737287370,-97,,903d185fccf839df
1498737287457,-97,,903d185fccf839df
1498737287565,-97,,903d185fccf839df
1498737287674,-97,,903d185fccf839df
1498737287766,-97,,903d185fccf839df
1498737287869,-97,,903d185fccf839df
1498737287976,-97,,903d185fccf839df
1498737288078,-97,,903d185fccf839df
1498737288197,-97,,903d185fccf839df
1498737288345,-97,,903d185fccf839df
1498737288429,-97,,903d185fccf839df
1498737288505,-97,,903d185fccf839df
1498737288579,-97,,903d185fccf839df
1498737288666,-97,,903d185fccf839df
1498737288766,-97,,903d185fccf839df
1498737288875,-97,,903d185fccf839df
1498737288964,-97,,903d185fccf839df
1498737289057,-97,,903d185fccf839df
1498737289160,-97,,903d185fccf839df
1498737289253,-97,,903d185fccf839df
1498737289354,-97,,903d185fccf839df
1498737289466,-97,,903d185fccf839df
1498737289596,-97,,903d185fccf839df
1498737289665,-97,,903d185fccf839df
1498737289774,-97,,903d185fccf839df
1498737289853,-97,,903d185fccf839df
1498737289983,-97,,903d185fccf839df
1498737290099,-97,,903d185fccf839df
1498737290184,-97,,903d185fccf839df
1498737290288,-97,,903d185fccf839df
1498737290368,-97,,903d185fccf839df
1498737290512,-97,,903d185fccf839df
1498737290587,-97,,903d185fccf839df
1498737290678,-97,,903d185fccf839df
1498737290761,-97,,903d185fccf839df
1498737290862,-97,,903d185fccf839df
1498737290958,-97,,903d185fccf839df
1498737291066,-97,,903d185fccf839df
1498737291154,-97,,903d185fccf839df
1498737291259,-97,,903d185fccf839df
1498737291394,-97,,903d185fccf839df
1498737291484,-97,,903d185fccf839df
1498737291559,-97,,903d185fccf839df
1498737291691,-97,,903d185fccf839df
1498737291777,-97,,903d185fccf839df
1498737291867,-97,,903d185fccf839df
1498737291973,-97,,903d185fccf839df
1498737292071,-97,,903d185fccf839df
1498737292162,-97,,903d185fccf839df
1498737292262,-97,,903d185fccf839df
1498737292372,-97,,903d185fccf839df
1498737292466,-97,,903d185fccf839df
1498737292586,-97,,903d185fccf839df
1498737292664,-97,,903d185fccf839df
1498737292760,-97,,903d185fccf839df
1498737292869,-97,,903d185fccf839df
1498737292958,-97,,903d185fccf839df
1498737293066,-97,,903d185fccf839df
1498737293158,-97,,903d185fccf839df
1498737293264,-97,,903d185fccf839df
1498737293361,-97,,903d185fccf839df
1498737293459,-97,,903d185fccf839df
1498737293563,-97,,903d185fccf839df
1498737293656,-97,,903d185fccf839df
1498737293762,-97,,903d185fccf839df
1498737293865,-97,,903d185fccf839df
1498737293974,-97,,903d185fccf839df
1498737294070,-97,,903d185fccf839df
1498737294155,-97,,903d185fccf839df
1498737294278,-97,,903d185fccf839df
1498737294375,-97,,903d185fccf839df
1498737294459,-97,,903d185fccf839df
1498737294569,-97,,903d185fccf839df
1498737294673,-97,,903d185fccf839df
1498737294763,-97,,903d185fccf839df
1498737294853,-97,,903d185fccf839df
1498737294956,-97,,903d185fccf839df
1498737295064,-97,,903d185fccf839df
1498737295170,-97,,903d185fccf839df
1498737295262,-97,,903d185fccf839df
1498737295364,-97,,903d185fccf839df
1498737295455,-97,,903d185fccf839df
1498737295576,-97,,903d185fccf839df
1498737295667,-97,,903d185fccf839df
1498737295790,-97,,903d185fccf839df
1498737295886,-97,,903d185fccf839df
1498737295961,-97,,903d185fccf839df
1498737296077,-97,,903d185fccf839df
1498737296179,-97,,903d185fccf839df
1498737296289,-97,,903d185fccf839df
1498737296415,-97,,903d185fccf839df
1498737296501,-97,,903d185fccf839df
1498737296595,-97,,903d185fccf839df
1498737296665,-97,,903d185fccf839df
1498737296769,-97,,903d185fccf839df
1498737296861,-97,,903d185fccf839df
1498737296961,-97,,903d185fccf839df
1498737297052,-97,,903d185fccf839df
1498737297165,-97,,903d185fccf839df
1498737297259,-97,,903d185fccf839df
1498737297359,-97,,903d185fccf839df
1498737297463,-97,,903d185fccf839df
1498737297576,-97,,903d185fccf839df
1498737297665,-97,,903d185fccf839df
1498737297764,-97,,903d185fccf839df
1498737297864,-97,,903d185fccf839df
1498737297960,-97,,903d185fccf839df
1498737298066,-97,,903d185fccf839df
1498737298166,-97,,903d185fccf839df
1498737298267,-97,,903d185fccf839df
1498737298366,-97,,903d185fccf839df
1498737298463,-97,,903d185fccf839df
1498737298575,-97,,903d185fccf839df
1498737298669,-97,,903d185fccf839df
1498737298763,-97,,903d185fccf839df
1498737298859,-97,,903d185fccf839df
1498737299060,-97,,903d185fccf839df
1498737300691,-87,,903d185fccf839df
1498737300745,-87,,903d185fccf839df
1498737300868,-87,,903d185fccf839df
1498737300969,-87,,903d185fccf839df
1498737301101,-87,,903d185fccf839df
1498737301187,-87,,903d185fccf839df
1498737301266,-87,,903d185fccf839df
1498737301367,-87,,903d185fccf839df
1498737301474,-87,,903d185fccf839df
1498737301568,-87,,903d185fccf839df
1498737301659,-87,,903d185fccf839df
1498737301765,-87,,903d185fccf839df
1498737301854,-87,,903d185fccf839df
1498737301993,-87,,903d185fccf839df
1498737302079,-87,,903d185fccf839df
1498737302176,-87,,903d185fccf839df
1498737302258,-87,,903d185fccf839df
1498737302355,-87,,903d185fccf839df
1498737302457,-87,,903d185fccf839df
1498737302567,-87,,903d185fccf839df
1498737302662,-87,,903d185fccf839df
1498737302755,-87,,903d185fccf839df
1498737302858,-87,,903d185fccf839df
1498737302971,-87,,903d185fccf839df
1498737303066,-87,,903d185fccf839df
1498737303171,-87,,903d185fccf839df
1498737303268,-87,,903d185fccf839df
1498737303359,-87,,903d185fccf839df
1498737303465,-87,,903d185fccf839df
1498737303579,-87,,903d185fccf839df
1498737303664,-87,,903d185fccf839df
1498737303767,-87,,903d185fccf839df
1498737303864,-87,,903d185fccf839df
1498737303970,-87,,903d185fccf839df
1498737304061,-87,,903d185fccf839df
1498737304167,-87,,903d185fccf839df
1498737304266,-87,,903d185fccf839df
1498737304368,-87,,903d185fccf839df
1498737304464,-87,,903d185fccf839df
1498737304576,-87,,903d185fccf839df
1498737304658,-87,,903d185fccf839df
1498737304762,-87,,903d185fccf839df
1498737304859,-87,,903d185fccf839df
1498737304962,-87,,903d185fccf839df
1498737305060,-87,,903d185fccf839df
1498737305164,-87,,903d185fccf839df
1498737305257,-87,,903d185fccf839df
1498737305406,-87,,903d185fccf839df
1498737305476,-87,,903d185fccf839df
1498737305566,-87,,903d185fccf839df
1498737305662,-87,,903d185fccf839df
1498737305743,-87,,903d185fccf839df
1498737305854,-87,,903d185fccf839df
1498737305949,-87,,903d185fccf839df
1498737306047,-87,,903d185fccf839df
1498737306154,-87,,903d185fccf839df
1498737306248,-87,,903d185fccf839df
1498737306346,-87,,903d185fccf839df
1498737306476,-87,,903d185fccf839df
1498737306582,-87,,903d185fccf839df
1498737306655,-87,,903d185fccf839df
1498737306769,-87,,903d185fccf839df
1498737306867,-87,,903d185fccf839df
1498737306958,-87,,903d185fccf839df
1498737307062,-87,,903d185fccf839df
1498737307167,-87,,903d185fccf839df
1498737307258,-87,,903d185fccf839df
1498737307363,-87,,903d185fccf839df
1498737307467,-87,,903d185fccf839df
1498737307579,-87,,903d185fccf839df
1498737307666,-87,,903d185fccf839df
1498737307763,-87,,903d185fccf839df
1498737307867,-87,,903d185fccf839df
1498737307963,-87,,903d185fccf839df
1498737308078,-87,,903d185fccf839df
1498737308170,-87,,903d185fccf839df
1498737308275,-87,,903d185fccf839df
1498737308365,-87,,903d185fccf839df
1498737308464,-87,,903d185fccf839df
1498737308580,-87,,903d185fccf839df
1498737308662,-87,,903d185fccf839df
1498737308764,-87,,903d185fccf839df
1498737308856,-87,,903d185fccf839df
1498737308956,-87,,903d185fccf839df
1498737309059,-87,,903d185fccf839df
1498737309170,-87,,903d185fccf839df
1498737309263,-87,,903d185fccf839df
1498737309364,-87,,903d185fccf839df
1498737309463,-87,,903d185fccf839df
1498737309574,-87,,903d185fccf839df
1498737309658,-87,,903d185fccf839df
1498737309763,-87,,903d185fccf839df
1498737309860,-87,,903d185fccf839df
1498737309960,-87,,903d185fccf839df
1498737310058,-87,,903d185fccf839df
1498737310177,-87,,903d185fccf839df
1498737310256,-87,,903d185fccf839df
1498737310364,-87,,903d185fccf839df
1498737310462,-87,,903d185fccf839df
1498737310576,-87,,903d185fccf839df
1498737310672,-87,,903d185fccf839df
1498737310769,-87,,903d185fccf839df
1498737310866,-87,,903d185fccf839df
1498737310958,-87,,903d185fccf839df
1498737311060,-87,,903d185fccf839df
1498737311164,-87,,903d185fccf839df
1498737311341,-87,,903d185fccf839df
1498737311507,-87,,903d185fccf839df
1498737311579,-87,,903d185fccf839df
1498737311680,-87,,903d185fccf839df
1498737311766,-87,,903d185fccf839df
1498737311868,-87,,903d185fccf839df
1498737312006,-87,,903d185fccf839df
1498737312069,-87,,903d185fccf839df
1498737312145,-87,,903d185fccf839df
1498737312252,-87,,903d185fccf839df
1498737312351,-87,,903d185fccf839df
1498737312451,-87,,903d185fccf839df
1498737312558,-87,,903d185fccf839df
1498737312651,-87,,903d185fccf839df
1498737312749,-87,,903d185fccf839df
1498737312848,-87,,903d185fccf839df
1498737312965,-87,,903d185fccf839df
1498737313062,-87,,903d185fccf839df
1498737313162,-87,,903d185fccf839df
1498737313280,-87,,903d185fccf839df
1498737313361,-87,,903d185fccf839df
1498737313462,-87,,903d185fccf839df
1498737313570,-87,,903d185fccf839df
1498737313656,-87,,903d185fccf839df
1498737313758,-87,,903d185fccf839df
1498737313868,-87,,903d185fccf839df
1498737313959,-87,,903d185fccf839df
1498737314070,-87,,903d185fccf839df
1498737314165,-87,,903d185fccf839df
1498737314267,-87,,903d185fccf839df
1498737314388,-87,,903d185fccf839df
1498737314470,-87,,903d185fccf839df
1498737314565,-87,,903d185fccf839df
1498737314661,-87,,903d185fccf839df
1498737314761,-87,,903d185fccf839df
1498737314868,-87,,903d185fccf839df
1498737314969,-87,,903d185fccf839df
1498737315065,-87,,903d185fccf839df
1498737315160,-87,,903d185fccf839df
1498737315260,-87,,903d185fccf839df
1498737315364,-87,,903d185fccf839df
1498737315460,-87,,903d185fccf839df
1498737315572,-87,,903d185fccf839df
1498737315665,-87,,903d185fccf839df
1498737315769,-87,,903d185fccf839df
1498737315860,-87,,903d185fccf839df
1498737315958,-87,,903d185fccf839df
1498737316061,-87,,903d185fccf839df
1498737316176,-87,,903d185fccf839df
1498737316264,-87,,903d185fccf839df
1498737316368,-87,,903d185fccf839df
1498737316471,-87,,903d185fccf839df
1498737316577,-87,,903d185fccf839df
