Timestamp,Pressure,UUID
1.49432E+12,954.7097168,903d185fccf839df
1.49432E+12,954.7033691,903d185fccf839df
1.49432E+12,954.7067871,903d185fccf839df
1.49432E+12,954.7150879,903d185fccf839df
1.49432E+12,954.7265625,903d185fccf839df
1.49432E+12,954.7324219,903d185fccf839df
1.49432E+12,954.7312012,903d185fccf839df
1.49432E+12,954.7392578,903d185fccf839df
1.49432E+12,954.7490234,903d185fccf839df
1.49432E+12,954.7414551,903d185fccf839df
1.49432E+12,954.732666,903d185fccf839df
1.49432E+12,954.717041,903d185fccf839df
1.49432E+12,954.7202148,903d185fccf839df
1.49432E+12,954.7277832,903d185fccf839df
1.49432E+12,954.7268066,903d185fccf839df
1.49432E+12,954.7216797,903d185fccf839df
1.49432E+12,954.7275391,903d185fccf839df
1.49432E+12,954.7302246,903d185fccf839df
1.49432E+12,954.7294922,903d185fccf839df
1.49432E+12,954.7387695,903d185fccf839df
1.49432E+12,954.7351074,903d185fccf839df
1.49432E+12,954.7336426,903d185fccf839df
1.49432E+12,954.7353516,903d185fccf839df
1.49432E+12,954.7363281,903d185fccf839df
1.49432E+12,954.7460938,903d185fccf839df
1.49432E+12,954.7546387,903d185fccf839df
1.49432E+12,954.7697754,903d185fccf839df
1.49432E+12,954.7875977,903d185fccf839df
1.49432E+12,954.7897949,903d185fccf839df
1.49432E+12,954.7961426,903d185fccf839df
1.49432E+12,954.8000488,903d185fccf839df
1.49432E+12,954.8041992,903d185fccf839df
1.49432E+12,954.8037109,903d185fccf839df
1.49432E+12,954.7817383,903d185fccf839df
1.49432E+12,954.7717285,903d185fccf839df
1.49432E+12,954.7724609,903d185fccf839df
1.49432E+12,954.7600098,903d185fccf839df
1.49432E+12,954.7556152,903d185fccf839df
1.49432E+12,954.7539063,903d185fccf839df
1.49432E+12,954.755127,903d185fccf839df
1.49432E+12,954.7651367,903d185fccf839df
1.49432E+12,954.7644043,903d185fccf839df
1.49432E+12,954.7700195,903d185fccf839df
1.49432E+12,954.7697754,903d185fccf839df
1.49432E+12,954.7734375,903d185fccf839df
1.49432E+12,954.7553711,903d185fccf839df
1.49432E+12,954.7670898,903d185fccf839df
1.49432E+12,954.7685547,903d185fccf839df
1.49432E+12,954.760498,903d185fccf839df
1.49432E+12,954.7578125,903d185fccf839df
1.49432E+12,954.7697754,903d185fccf839df
1.49432E+12,954.7692871,903d185fccf839df
1.49432E+12,954.7858887,903d185fccf839df
1.49432E+12,954.7905273,903d185fccf839df
1.49432E+12,954.7780762,903d185fccf839df
1.49432E+12,954.7788086,903d185fccf839df
1.49432E+12,954.7749023,903d185fccf839df
1.49432E+12,954.762207,903d185fccf839df
1.49432E+12,954.7600098,903d185fccf839df
1.49432E+12,954.760498,903d185fccf839df
1.49432E+12,954.7531738,903d185fccf839df
1.49432E+12,954.7460938,903d185fccf839df
1.49432E+12,954.7419434,903d185fccf839df
1.49432E+12,954.7414551,903d185fccf839df
1.49432E+12,954.7507324,903d185fccf839df
1.49432E+12,954.7524414,903d185fccf839df
1.49432E+12,954.7519531,903d185fccf839df
1.49432E+12,954.7458496,903d185fccf839df
1.49432E+12,954.7539063,903d185fccf839df
1.49432E+12,954.7519531,903d185fccf839df
1.49432E+12,954.7595215,903d185fccf839df
1.49432E+12,954.7563477,903d185fccf839df
1.49432E+12,954.7568359,903d185fccf839df
1.49432E+12,954.7583008,903d185fccf839df
1.49432E+12,954.7456055,903d185fccf839df
1.49432E+12,954.7441406,903d185fccf839df
1.49432E+12,954.7424316,903d185fccf839df
1.49432E+12,954.7336426,903d185fccf839df
1.49432E+12,954.7319336,903d185fccf839df
1.49432E+12,954.7233887,903d185fccf839df
1.49432E+12,954.7177734,903d185fccf839df
1.49432E+12,954.7231445,903d185fccf839df
1.49432E+12,954.7287598,903d185fccf839df
1.49432E+12,954.7197266,903d185fccf839df
1.49432E+12,954.7180176,903d185fccf839df
1.49432E+12,954.7121582,903d185fccf839df
1.49432E+12,954.7116699,903d185fccf839df
1.49432E+12,954.7077637,903d185fccf839df
1.49432E+12,954.6928711,903d185fccf839df
1.49432E+12,954.6972656,903d185fccf839df
1.49432E+12,954.6967773,903d185fccf839df
1.49432E+12,954.7021484,903d185fccf839df
1.49432E+12,954.7072754,903d185fccf839df
1.49432E+12,954.7128906,903d185fccf839df
1.49432E+12,954.7141113,903d185fccf839df
1.49432E+12,954.7080078,903d185fccf839df
1.49432E+12,954.713623,903d185fccf839df
1.49432E+12,954.7114258,903d185fccf839df
1.49432E+12,954.7036133,903d185fccf839df
1.49432E+12,954.7033691,903d185fccf839df
1.49432E+12,954.7089844,903d185fccf839df
1.49432E+12,954.7070313,903d185fccf839df
1.49432E+12,954.722168,903d185fccf839df
1.49432E+12,954.7214355,903d185fccf839df
1.49432E+12,954.7365723,903d185fccf839df
1.49432E+12,954.7436523,903d185fccf839df
1.49432E+12,954.7380371,903d185fccf839df
1.49432E+12,954.7375488,903d185fccf839df
1.49432E+12,954.7399902,903d185fccf839df
1.49432E+12,954.7368164,903d185fccf839df
1.49432E+12,954.7365723,903d185fccf839df
1.49432E+12,954.7253418,903d185fccf839df
1.49432E+12,954.7189941,903d185fccf839df
1.49432E+12,954.7209473,903d185fccf839df
1.49432E+12,954.717041,903d185fccf839df
1.49432E+12,954.7116699,903d185fccf839df
1.49432E+12,954.7011719,903d185fccf839df
1.49432E+12,954.6894531,903d185fccf839df
1.49432E+12,954.6948242,903d185fccf839df
1.49432E+12,954.7026367,903d185fccf839df
1.49432E+12,954.6911621,903d185fccf839df
1.49432E+12,954.6960449,903d185fccf839df
1.49432E+12,954.6970215,903d185fccf839df
1.49432E+12,954.7021484,903d185fccf839df
1.49432E+12,954.7177734,903d185fccf839df
1.49432E+12,954.7175293,903d185fccf839df
1.49432E+12,954.7087402,903d185fccf839df
1.49432E+12,954.7070313,903d185fccf839df
1.49432E+12,954.7094727,903d185fccf839df
1.49432E+12,954.7111816,903d185fccf839df
1.49432E+12,954.7199707,903d185fccf839df
1.49432E+12,954.7104492,903d185fccf839df
1.49432E+12,954.7131348,903d185fccf839df
1.49432E+12,954.7087402,903d185fccf839df
1.49432E+12,954.7133789,903d185fccf839df
1.49432E+12,954.7141113,903d185fccf839df
1.49432E+12,954.7294922,903d185fccf839df
1.49432E+12,954.7243652,903d185fccf839df
1.49432E+12,954.7236328,903d185fccf839df
1.49432E+12,954.7172852,903d185fccf839df
1.49432E+12,954.7104492,903d185fccf839df
1.49432E+12,954.704834,903d185fccf839df
1.49432E+12,954.6943359,903d185fccf839df
1.49432E+12,954.6965332,903d185fccf839df
1.49432E+12,954.7033691,903d185fccf839df
1.49432E+12,954.7131348,903d185fccf839df
1.49432E+12,954.7275391,903d185fccf839df
1.49432E+12,954.7316895,903d185fccf839df
1.49432E+12,954.7353516,903d185fccf839df
1.49432E+12,954.7519531,903d185fccf839df
1.49432E+12,954.7529297,903d185fccf839df
1.49432E+12,954.7443848,903d185fccf839df
1.49432E+12,954.7338867,903d185fccf839df
1.49432E+12,954.7121582,903d185fccf839df
1.49432E+12,954.7075195,903d185fccf839df
1.49432E+12,954.7080078,903d185fccf839df
1.49432E+12,954.697998,903d185fccf839df
1.49432E+12,954.6975098,903d185fccf839df
1.49432E+12,954.7021484,903d185fccf839df
1.49432E+12,954.7087402,903d185fccf839df
1.49432E+12,954.7102051,903d185fccf839df
1.49432E+12,954.713623,903d185fccf839df
1.49432E+12,954.7126465,903d185fccf839df
1.49432E+12,954.7275391,903d185fccf839df
1.49432E+12,954.7299805,903d185fccf839df
1.49432E+12,954.7294922,903d185fccf839df
1.49432E+12,954.7243652,903d185fccf839df
1.49432E+12,954.7214355,903d185fccf839df
1.49432E+12,954.7233887,903d185fccf839df
1.49432E+12,954.730957,903d185fccf839df
1.49432E+12,954.7180176,903d185fccf839df
1.49432E+12,954.7021484,903d185fccf839df
1.49432E+12,954.6992188,903d185fccf839df
1.49432E+12,954.6906738,903d185fccf839df
1.49432E+12,954.6958008,903d185fccf839df
1.49432E+12,954.6804199,903d185fccf839df
1.49432E+12,954.6772461,903d185fccf839df
1.49432E+12,954.666748,903d185fccf839df
1.49432E+12,954.6572266,903d185fccf839df
1.49432E+12,954.651123,903d185fccf839df
1.49432E+12,954.6237793,903d185fccf839df
1.49432E+12,954.6176758,903d185fccf839df
1.49432E+12,954.6259766,903d185fccf839df
1.49432E+12,954.6279297,903d185fccf839df
1.49432E+12,954.6254883,903d185fccf839df
1.49432E+12,954.6325684,903d185fccf839df
1.49432E+12,954.6247559,903d185fccf839df
1.49432E+12,954.6296387,903d185fccf839df
1.49432E+12,954.6325684,903d185fccf839df
1.49432E+12,954.6245117,903d185fccf839df
1.49432E+12,954.6240234,903d185fccf839df
1.49432E+12,954.6125488,903d185fccf839df
1.49432E+12,954.6074219,903d185fccf839df
1.49432E+12,954.6069336,903d185fccf839df
1.49432E+12,954.5959473,903d185fccf839df
1.49432E+12,954.5761719,903d185fccf839df
1.49432E+12,954.567627,903d185fccf839df
1.49432E+12,954.5610352,903d185fccf839df
1.49432E+12,954.5544434,903d185fccf839df
1.49432E+12,954.5480957,903d185fccf839df
1.49432E+12,954.5422363,903d185fccf839df
1.49432E+12,954.5341797,903d185fccf839df
1.49432E+12,954.532959,903d185fccf839df
1.49432E+12,954.5393066,903d185fccf839df
1.49432E+12,954.53125,903d185fccf839df
1.49432E+12,954.5356445,903d185fccf839df
1.49432E+12,954.532959,903d185fccf839df
1.49432E+12,954.526123,903d185fccf839df
1.49432E+12,954.5249023,903d185fccf839df
1.49432E+12,954.520752,903d185fccf839df
1.49432E+12,954.4987793,903d185fccf839df
1.49432E+12,954.4846191,903d185fccf839df
1.49432E+12,954.4790039,903d185fccf839df
1.49432E+12,954.4709473,903d185fccf839df
1.49432E+12,954.4472656,903d185fccf839df
1.49432E+12,954.4487305,903d185fccf839df
1.49432E+12,954.435791,903d185fccf839df
1.49432E+12,954.4289551,903d185fccf839df
1.49432E+12,954.4213867,903d185fccf839df
1.49432E+12,954.407959,903d185fccf839df
1.49432E+12,954.4133301,903d185fccf839df
1.49432E+12,954.4077148,903d185fccf839df
1.49432E+12,954.4025879,903d185fccf839df
1.49432E+12,954.3950195,903d185fccf839df
1.49432E+12,954.3972168,903d185fccf839df
1.49432E+12,954.3847656,903d185fccf839df
1.49432E+12,954.3850098,903d185fccf839df
1.49432E+12,954.3759766,903d185fccf839df
1.49432E+12,954.3637695,903d185fccf839df
1.49432E+12,954.3552246,903d185fccf839df
1.49432E+12,954.3579102,903d185fccf839df
1.49432E+12,954.355957,903d185fccf839df
1.49432E+12,954.3537598,903d185fccf839df
1.49432E+12,954.359375,903d185fccf839df
1.49432E+12,954.3581543,903d185fccf839df
1.49432E+12,954.373291,903d185fccf839df
1.49432E+12,954.3713379,903d185fccf839df
1.49432E+12,954.3710938,903d185fccf839df
1.49432E+12,954.3601074,903d185fccf839df
1.49432E+12,954.3527832,903d185fccf839df
1.49432E+12,954.3554688,903d185fccf839df
1.49432E+12,954.354248,903d185fccf839df
1.49432E+12,954.3491211,903d185fccf839df
1.49432E+12,954.376709,903d185fccf839df
1.49432E+12,954.3796387,903d185fccf839df
1.49432E+12,954.376709,903d185fccf839df
1.49432E+12,954.3820801,903d185fccf839df
1.49432E+12,954.3740234,903d185fccf839df
1.49432E+12,954.3708496,903d185fccf839df
1.49432E+12,954.3669434,903d185fccf839df
1.49432E+12,954.3769531,903d185fccf839df
1.49432E+12,954.3857422,903d185fccf839df
1.49432E+12,954.4060059,903d185fccf839df
1.49432E+12,954.4077148,903d185fccf839df
1.49432E+12,954.4077148,903d185fccf839df
1.49432E+12,954.4130859,903d185fccf839df
1.49432E+12,954.4020996,903d185fccf839df
1.49432E+12,954.392334,903d185fccf839df
1.49432E+12,954.392334,903d185fccf839df
1.49432E+12,954.3742676,903d185fccf839df
1.49432E+12,954.3640137,903d185fccf839df
1.49432E+12,954.3659668,903d185fccf839df
1.49432E+12,954.3674316,903d185fccf839df
1.49432E+12,954.3574219,903d185fccf839df
1.49432E+12,954.361084,903d185fccf839df
1.49432E+12,954.3654785,903d185fccf839df
1.49432E+12,954.3601074,903d185fccf839df
1.49432E+12,954.3664551,903d185fccf839df
1.49432E+12,954.3569336,903d185fccf839df
1.49432E+12,954.3620605,903d185fccf839df
1.49432E+12,954.3491211,903d185fccf839df
1.49432E+12,954.3569336,903d185fccf839df
1.49432E+12,954.3540039,903d185fccf839df
1.49432E+12,954.3486328,903d185fccf839df
1.49432E+12,954.3444824,903d185fccf839df
1.49432E+12,954.3413086,903d185fccf839df
1.49432E+12,954.3483887,903d185fccf839df
1.49432E+12,954.3457031,903d185fccf839df
1.49432E+12,954.3352051,903d185fccf839df
1.49432E+12,954.3344727,903d185fccf839df
1.49432E+12,954.3374023,903d185fccf839df
1.49432E+12,954.3366699,903d185fccf839df
1.49432E+12,954.3393555,903d185fccf839df
1.49432E+12,954.3474121,903d185fccf839df
1.49432E+12,954.3427734,903d185fccf839df
1.49432E+12,954.3452148,903d185fccf839df
1.49432E+12,954.348877,903d185fccf839df
1.49432E+12,954.3405762,903d185fccf839df
1.49432E+12,954.3435059,903d185fccf839df
1.49432E+12,954.3361816,903d185fccf839df
1.49432E+12,954.3417969,903d185fccf839df
1.49432E+12,954.3442383,903d185fccf839df
1.49432E+12,954.3308105,903d185fccf839df
1.49432E+12,954.3378906,903d185fccf839df
1.49432E+12,954.3364258,903d185fccf839df
1.49432E+12,954.3337402,903d185fccf839df
1.49432E+12,954.3244629,903d185fccf839df
1.49432E+12,954.3212891,903d185fccf839df
1.49432E+12,954.3137207,903d185fccf839df
1.49432E+12,954.3227539,903d185fccf839df
1.49432E+12,954.3095703,903d185fccf839df
1.49432E+12,954.3137207,903d185fccf839df
1.49432E+12,954.3181152,903d185fccf839df
1.49432E+12,954.3151855,903d185fccf839df
1.49432E+12,954.3188477,903d185fccf839df
1.49432E+12,954.3244629,903d185fccf839df
1.49432E+12,954.322998,903d185fccf839df
1.49432E+12,954.3356934,903d185fccf839df
1.49432E+12,954.345459,903d185fccf839df
1.49432E+12,954.3476563,903d185fccf839df
1.49432E+12,954.3562012,903d185fccf839df
1.49432E+12,954.3569336,903d185fccf839df
1.49432E+12,954.3486328,903d185fccf839df
1.49432E+12,954.3508301,903d185fccf839df
1.49432E+12,954.3405762,903d185fccf839df
1.49432E+12,954.3208008,903d185fccf839df
1.49432E+12,954.3093262,903d185fccf839df
1.49432E+12,954.3129883,903d185fccf839df
1.49432E+12,954.3056641,903d185fccf839df
1.49432E+12,954.2924805,903d185fccf839df
1.49432E+12,954.2961426,903d185fccf839df
1.49432E+12,954.286377,903d185fccf839df
1.49432E+12,954.2995605,903d185fccf839df
1.49432E+12,954.3125,903d185fccf839df
1.49432E+12,954.3242188,903d185fccf839df
1.49432E+12,954.3374023,903d185fccf839df
1.49432E+12,954.3430176,903d185fccf839df
1.49432E+12,954.3615723,903d185fccf839df
1.49432E+12,954.359375,903d185fccf839df
1.49432E+12,954.3432617,903d185fccf839df
1.49432E+12,954.3486328,903d185fccf839df
1.49432E+12,954.3554688,903d185fccf839df
1.49432E+12,954.3605957,903d185fccf839df
1.49432E+12,954.3515625,903d185fccf839df
1.49432E+12,954.3557129,903d185fccf839df
1.49432E+12,954.3461914,903d185fccf839df
1.49432E+12,954.359375,903d185fccf839df
1.49432E+12,954.3486328,903d185fccf839df
1.49432E+12,954.331543,903d185fccf839df
1.49432E+12,954.3222656,903d185fccf839df
1.49432E+12,954.3151855,903d185fccf839df
1.49432E+12,954.317627,903d185fccf839df
1.49432E+12,954.3210449,903d185fccf839df
1.49432E+12,954.3210449,903d185fccf839df
1.49432E+12,954.3212891,903d185fccf839df
1.49432E+12,954.3212891,903d185fccf839df
1.49432E+12,954.3269043,903d185fccf839df
1.49432E+12,954.3234863,903d185fccf839df
1.49432E+12,954.3251953,903d185fccf839df
1.49432E+12,954.3178711,903d185fccf839df
1.49432E+12,954.3227539,903d185fccf839df
1.49432E+12,954.3210449,903d185fccf839df
1.49432E+12,954.3288574,903d185fccf839df
1.49432E+12,954.3278809,903d185fccf839df
1.49432E+12,954.3415527,903d185fccf839df
1.49432E+12,954.3342285,903d185fccf839df
1.49432E+12,954.3317871,903d185fccf839df
1.49432E+12,954.3371582,903d185fccf839df
1.49432E+12,954.3400879,903d185fccf839df
1.49432E+12,954.3391113,903d185fccf839df
1.49432E+12,954.3461914,903d185fccf839df
1.49432E+12,954.3425293,903d185fccf839df
1.49432E+12,954.3461914,903d185fccf839df
1.49432E+12,954.3493652,903d185fccf839df
1.49432E+12,954.3591309,903d185fccf839df
1.49432E+12,954.3654785,903d185fccf839df
1.49432E+12,954.364502,903d185fccf839df
1.49432E+12,954.3547363,903d185fccf839df
1.49432E+12,954.354248,903d185fccf839df
1.49432E+12,954.354248,903d185fccf839df
1.49432E+12,954.3562012,903d185fccf839df
1.49432E+12,954.3571777,903d185fccf839df
1.49432E+12,954.3405762,903d185fccf839df
1.49432E+12,954.3251953,903d185fccf839df
1.49432E+12,954.329834,903d185fccf839df
1.49432E+12,954.3310547,903d185fccf839df
1.49432E+12,954.328125,903d185fccf839df
1.49432E+12,954.3166504,903d185fccf839df
1.49432E+12,954.3105469,903d185fccf839df
1.49432E+12,954.314209,903d185fccf839df
1.49432E+12,954.3188477,903d185fccf839df
1.49432E+12,954.3378906,903d185fccf839df
1.49432E+12,954.3325195,903d185fccf839df
1.49432E+12,954.3237305,903d185fccf839df
1.49432E+12,954.3342285,903d185fccf839df
1.49432E+12,954.322998,903d185fccf839df
1.49432E+12,954.3273926,903d185fccf839df
1.49432E+12,954.3044434,903d185fccf839df
1.49432E+12,954.2988281,903d185fccf839df
1.49432E+12,954.3061523,903d185fccf839df
1.49432E+12,954.2802734,903d185fccf839df
1.49432E+12,954.2727051,903d185fccf839df
1.49432E+12,954.2619629,903d185fccf839df
1.49432E+12,954.2539063,903d185fccf839df
1.49432E+12,954.2553711,903d185fccf839df
1.49432E+12,954.2602539,903d185fccf839df
1.49432E+12,954.2541504,903d185fccf839df
1.49432E+12,954.2617188,903d185fccf839df
1.49432E+12,954.2705078,903d185fccf839df
1.49432E+12,954.270752,903d185fccf839df
1.49432E+12,954.2695313,903d185fccf839df
1.49432E+12,954.248291,903d185fccf839df
1.49432E+12,954.2282715,903d185fccf839df
1.49432E+12,954.2233887,903d185fccf839df
1.49432E+12,954.2209473,903d185fccf839df
1.49432E+12,954.2236328,903d185fccf839df
1.49432E+12,954.220459,903d185fccf839df
1.49432E+12,954.220459,903d185fccf839df
1.49432E+12,954.2260742,903d185fccf839df
1.49432E+12,954.2268066,903d185fccf839df
1.49432E+12,954.2407227,903d185fccf839df
1.49432E+12,954.2312012,903d185fccf839df
1.49432E+12,954.2319336,903d185fccf839df
1.49432E+12,954.2126465,903d185fccf839df
1.49432E+12,954.2189941,903d185fccf839df
1.49432E+12,954.2160645,903d185fccf839df
1.49432E+12,954.2141113,903d185fccf839df
1.49432E+12,954.2167969,903d185fccf839df
1.49432E+12,954.1982422,903d185fccf839df
1.49432E+12,954.184082,903d185fccf839df
1.49432E+12,954.1955566,903d185fccf839df
1.49432E+12,954.1882324,903d185fccf839df
1.49432E+12,954.1723633,903d185fccf839df
1.49432E+12,954.1704102,903d185fccf839df
1.49432E+12,954.1486816,903d185fccf839df
1.49432E+12,954.1425781,903d185fccf839df
1.49432E+12,954.1254883,903d185fccf839df
1.49432E+12,954.1281738,903d185fccf839df
1.49432E+12,954.125,903d185fccf839df
1.49432E+12,954.1184082,903d185fccf839df
1.49432E+12,954.1186523,903d185fccf839df
1.49432E+12,954.1152344,903d185fccf839df
1.49432E+12,954.1115723,903d185fccf839df
1.49432E+12,954.1125488,903d185fccf839df
1.49432E+12,954.0969238,903d185fccf839df
1.49432E+12,954.0966797,903d185fccf839df
1.49432E+12,954.0888672,903d185fccf839df
1.49432E+12,954.0805664,903d185fccf839df
1.49432E+12,954.0759277,903d185fccf839df
1.49432E+12,954.0769043,903d185fccf839df
1.49432E+12,954.0805664,903d185fccf839df
1.49432E+12,954.0825195,903d185fccf839df
1.49432E+12,954.0727539,903d185fccf839df
1.49432E+12,954.072998,903d185fccf839df
1.49432E+12,954.0712891,903d185fccf839df
1.49432E+12,954.0710449,903d185fccf839df
1.49432E+12,954.0793457,903d185fccf839df
1.49432E+12,954.0771484,903d185fccf839df
1.49432E+12,954.0744629,903d185fccf839df
1.49432E+12,954.0710449,903d185fccf839df
1.49432E+12,954.0705566,903d185fccf839df
1.49432E+12,954.0649414,903d185fccf839df
1.49432E+12,954.0568848,903d185fccf839df
1.49432E+12,954.0639648,903d185fccf839df
1.49432E+12,954.0651855,903d185fccf839df
1.49432E+12,954.0471191,903d185fccf839df
1.49432E+12,954.0351563,903d185fccf839df
1.49432E+12,954.0429688,903d185fccf839df
1.49432E+12,954.0390625,903d185fccf839df
1.49432E+12,954.0388184,903d185fccf839df
1.49432E+12,954.0422363,903d185fccf839df
1.49432E+12,954.0495605,903d185fccf839df
1.49432E+12,954.0517578,903d185fccf839df
1.49432E+12,954.0681152,903d185fccf839df
1.49432E+12,954.0710449,903d185fccf839df
1.49432E+12,954.0759277,903d185fccf839df
1.49432E+12,954.0773926,903d185fccf839df
1.49432E+12,954.0849609,903d185fccf839df
1.49432E+12,954.0761719,903d185fccf839df
1.49432E+12,954.0837402,903d185fccf839df
1.49432E+12,954.0734863,903d185fccf839df
1.49432E+12,954.0864258,903d185fccf839df
1.49432E+12,954.092041,903d185fccf839df
1.49432E+12,954.0866699,903d185fccf839df
1.49432E+12,954.097168,903d185fccf839df
1.49432E+12,954.092041,903d185fccf839df
1.49432E+12,954.0812988,903d185fccf839df
1.49432E+12,954.0732422,903d185fccf839df
1.49432E+12,954.0849609,903d185fccf839df
1.49432E+12,954.0786133,903d185fccf839df
1.49432E+12,954.074707,903d185fccf839df
1.49432E+12,954.0778809,903d185fccf839df
1.49432E+12,954.0888672,903d185fccf839df
1.49432E+12,954.1025391,903d185fccf839df
1.49432E+12,954.1118164,903d185fccf839df
1.49432E+12,954.1103516,903d185fccf839df
1.49432E+12,954.1035156,903d185fccf839df
1.49432E+12,954.1083984,903d185fccf839df
1.49432E+12,954.1086426,903d185fccf839df
1.49432E+12,954.1032715,903d185fccf839df
1.49432E+12,954.1025391,903d185fccf839df
1.49432E+12,954.1054688,903d185fccf839df
1.49432E+12,954.0964355,903d185fccf839df
1.49432E+12,954.098877,903d185fccf839df
1.49432E+12,954.0947266,903d185fccf839df
1.49432E+12,954.0913086,903d185fccf839df
1.49432E+12,954.0830078,903d185fccf839df
1.49432E+12,954.083252,903d185fccf839df
1.49432E+12,954.0800781,903d185fccf839df
1.49432E+12,954.0759277,903d185fccf839df
1.49432E+12,954.0678711,903d185fccf839df
1.49432E+12,954.0651855,903d185fccf839df
1.49432E+12,954.0688477,903d185fccf839df
1.49432E+12,954.0759277,903d185fccf839df
1.49432E+12,954.0732422,903d185fccf839df
1.49432E+12,954.0708008,903d185fccf839df
1.49432E+12,954.0766602,903d185fccf839df
1.49432E+12,954.0817871,903d185fccf839df
1.49432E+12,954.0834961,903d185fccf839df
1.49432E+12,954.09375,903d185fccf839df
1.49432E+12,954.0808105,903d185fccf839df
1.49432E+12,954.0727539,903d185fccf839df
1.49432E+12,954.0856934,903d185fccf839df
1.49432E+12,954.0820313,903d185fccf839df
1.49432E+12,954.0727539,903d185fccf839df
1.49432E+12,954.0761719,903d185fccf839df
1.49432E+12,954.0761719,903d185fccf839df
1.49432E+12,954.076416,903d185fccf839df
1.49432E+12,954.081543,903d185fccf839df
1.49432E+12,954.0803223,903d185fccf839df
1.49432E+12,954.0700684,903d185fccf839df
1.49432E+12,954.0695801,903d185fccf839df
1.49432E+12,954.0715332,903d185fccf839df
1.49432E+12,954.0715332,903d185fccf839df
1.49432E+12,954.0769043,903d185fccf839df
1.49432E+12,954.0727539,903d185fccf839df
1.49432E+12,954.065918,903d185fccf839df
1.49432E+12,954.0791016,903d185fccf839df
1.49432E+12,954.0778809,903d185fccf839df
1.49432E+12,954.0908203,903d185fccf839df
1.49432E+12,954.098877,903d185fccf839df
1.49432E+12,954.0961914,903d185fccf839df
1.49432E+12,954.1010742,903d185fccf839df
1.49432E+12,954.1108398,903d185fccf839df
1.49432E+12,954.1132813,903d185fccf839df
1.49432E+12,954.1081543,903d185fccf839df
1.49432E+12,954.1035156,903d185fccf839df
1.49432E+12,954.0925293,903d185fccf839df
1.49432E+12,954.0822754,903d185fccf839df
1.49432E+12,954.0874023,903d185fccf839df
1.49432E+12,954.1008301,903d185fccf839df
1.49432E+12,954.1040039,903d185fccf839df
1.49432E+12,954.0966797,903d185fccf839df
1.49432E+12,954.1057129,903d185fccf839df
1.49432E+12,954.1113281,903d185fccf839df
1.49432E+12,954.112793,903d185fccf839df
1.49432E+12,954.1079102,903d185fccf839df
1.49432E+12,954.1022949,903d185fccf839df
1.49432E+12,954.0976563,903d185fccf839df
1.49432E+12,954.1159668,903d185fccf839df
1.49432E+12,954.1188965,903d185fccf839df
1.49432E+12,954.1047363,903d185fccf839df
1.49432E+12,954.1010742,903d185fccf839df
1.49432E+12,954.1025391,903d185fccf839df
1.49432E+12,954.1101074,903d185fccf839df
1.49432E+12,954.1103516,903d185fccf839df
1.49432E+12,954.1157227,903d185fccf839df
1.49432E+12,954.1066895,903d185fccf839df
1.49432E+12,954.1057129,903d185fccf839df
1.49432E+12,954.1113281,903d185fccf839df
1.49432E+12,954.121582,903d185fccf839df
1.49432E+12,954.1286621,903d185fccf839df
1.49432E+12,954.1291504,903d185fccf839df
1.49432E+12,954.1191406,903d185fccf839df
1.49432E+12,954.1142578,903d185fccf839df
1.49432E+12,954.1171875,903d185fccf839df
1.49432E+12,954.1103516,903d185fccf839df
1.49432E+12,954.1115723,903d185fccf839df
1.49432E+12,954.1054688,903d185fccf839df
1.49432E+12,954.1137695,903d185fccf839df
1.49432E+12,954.105957,903d185fccf839df
1.49432E+12,954.1054688,903d185fccf839df
1.49432E+12,954.1174316,903d185fccf839df
1.49432E+12,954.1074219,903d185fccf839df
1.49432E+12,954.1098633,903d185fccf839df
1.49432E+12,954.1103516,903d185fccf839df
1.49432E+12,954.1027832,903d185fccf839df
1.49432E+12,954.1054688,903d185fccf839df
1.49432E+12,954.1088867,903d185fccf839df
1.49432E+12,954.1054688,903d185fccf839df
1.49432E+12,954.1071777,903d185fccf839df
1.49432E+12,954.1049805,903d185fccf839df
1.49432E+12,954.1147461,903d185fccf839df
1.49432E+12,954.1000977,903d185fccf839df
1.49432E+12,954.0952148,903d185fccf839df
1.49432E+12,954.0905762,903d185fccf839df
1.49432E+12,954.0895996,903d185fccf839df
1.49432E+12,954.0720215,903d185fccf839df
1.49432E+12,954.0666504,903d185fccf839df
1.49432E+12,954.0703125,903d185fccf839df
1.49432E+12,954.0766602,903d185fccf839df
1.49432E+12,954.081543,903d185fccf839df
1.49432E+12,954.0837402,903d185fccf839df
1.49432E+12,954.0773926,903d185fccf839df
1.49432E+12,954.0800781,903d185fccf839df
1.49432E+12,954.0837402,903d185fccf839df
1.49432E+12,954.0869141,903d185fccf839df
1.49432E+12,954.0898438,903d185fccf839df
1.49432E+12,954.0773926,903d185fccf839df
1.49432E+12,954.0742188,903d185fccf839df
1.49432E+12,954.0891113,903d185fccf839df
1.49432E+12,954.0932617,903d185fccf839df
1.49432E+12,954.0986328,903d185fccf839df
1.49432E+12,954.1098633,903d185fccf839df
1.49432E+12,954.1005859,903d185fccf839df
1.49432E+12,954.1115723,903d185fccf839df
1.49432E+12,954.1188965,903d185fccf839df
1.49432E+12,954.1159668,903d185fccf839df
1.49432E+12,954.1147461,903d185fccf839df
1.49432E+12,954.1098633,903d185fccf839df
1.49432E+12,954.0981445,903d185fccf839df
1.49432E+12,954.0739746,903d185fccf839df
1.49432E+12,954.0690918,903d185fccf839df
1.49432E+12,954.0639648,903d185fccf839df
1.49432E+12,954.0500488,903d185fccf839df
1.49432E+12,954.0366211,903d185fccf839df
1.49432E+12,954.0239258,903d185fccf839df
1.49432E+12,954.0183105,903d185fccf839df
1.49432E+12,954.0178223,903d185fccf839df
1.49432E+12,954.0166016,903d185fccf839df
1.49432E+12,953.9929199,903d185fccf839df
1.49432E+12,953.9863281,903d185fccf839df
1.49432E+12,953.9753418,903d185fccf839df
1.49432E+12,953.979248,903d185fccf839df
1.49432E+12,953.9643555,903d185fccf839df
1.49432E+12,953.9711914,903d185fccf839df
1.49432E+12,953.9731445,903d185fccf839df
1.49432E+12,953.9638672,903d185fccf839df
1.49432E+12,953.9711914,903d185fccf839df
1.49432E+12,953.972168,903d185fccf839df
1.49432E+12,953.9736328,903d185fccf839df
1.49432E+12,953.9765625,903d185fccf839df
1.49432E+12,953.9748535,903d185fccf839df
1.49432E+12,953.9667969,903d185fccf839df
1.49432E+12,953.9667969,903d185fccf839df
1.49432E+12,953.9663086,903d185fccf839df
1.49432E+12,953.963623,903d185fccf839df
1.49432E+12,953.9689941,903d185fccf839df
1.49432E+12,953.9614258,903d185fccf839df
1.49432E+12,953.9599609,903d185fccf839df
1.49432E+12,953.9460449,903d185fccf839df
1.49432E+12,953.9372559,903d185fccf839df
1.49432E+12,953.9370117,903d185fccf839df
1.49432E+12,953.9360352,903d185fccf839df
1.49432E+12,953.9223633,903d185fccf839df
1.49432E+12,953.9094238,903d185fccf839df
1.49432E+12,953.8962402,903d185fccf839df
1.49432E+12,953.8933105,903d185fccf839df
1.49432E+12,953.9033203,903d185fccf839df
1.49432E+12,953.8894043,903d185fccf839df
1.49432E+12,953.8828125,903d185fccf839df
1.49432E+12,953.8918457,903d185fccf839df
1.49432E+12,953.8798828,903d185fccf839df
1.49432E+12,953.8776855,903d185fccf839df
1.49432E+12,953.8735352,903d185fccf839df
1.49432E+12,953.8662109,903d185fccf839df
1.49432E+12,953.8439941,903d185fccf839df
1.49432E+12,953.8442383,903d185fccf839df
1.49432E+12,953.8342285,903d185fccf839df
1.49432E+12,953.8312988,903d185fccf839df
1.49432E+12,953.8347168,903d185fccf839df
1.49432E+12,953.8322754,903d185fccf839df
1.49432E+12,953.8366699,903d185fccf839df
1.49432E+12,953.824707,903d185fccf839df
1.49432E+12,953.8334961,903d185fccf839df
1.49432E+12,953.8249512,903d185fccf839df
1.49432E+12,953.822998,903d185fccf839df
1.49432E+12,953.8125,903d185fccf839df
1.49432E+12,953.8146973,903d185fccf839df
1.49432E+12,953.8068848,903d185fccf839df
1.49432E+12,953.8005371,903d185fccf839df
1.49432E+12,953.800293,903d185fccf839df
1.49432E+12,953.8007813,903d185fccf839df
1.49432E+12,953.8032227,903d185fccf839df
1.49432E+12,953.8012695,903d185fccf839df
1.49432E+12,953.8010254,903d185fccf839df
1.49432E+12,953.8046875,903d185fccf839df
1.49432E+12,953.8161621,903d185fccf839df
1.49432E+12,953.8120117,903d185fccf839df
1.49432E+12,953.8146973,903d185fccf839df
1.49432E+12,953.807373,903d185fccf839df
1.49432E+12,953.8078613,903d185fccf839df
1.49432E+12,953.7973633,903d185fccf839df
1.49432E+12,953.7836914,903d185fccf839df
1.49432E+12,953.7834473,903d185fccf839df
1.49432E+12,953.779541,903d185fccf839df
1.49432E+12,953.7653809,903d185fccf839df
1.49432E+12,953.7714844,903d185fccf839df
1.49432E+12,953.7751465,903d185fccf839df
1.49432E+12,953.7729492,903d185fccf839df
1.49432E+12,953.7844238,903d185fccf839df
1.49432E+12,953.7790527,903d185fccf839df
1.49432E+12,953.786377,903d185fccf839df
1.49432E+12,953.7861328,903d185fccf839df
1.49432E+12,953.7766113,903d185fccf839df
1.49432E+12,953.7858887,903d185fccf839df
1.49432E+12,953.7910156,903d185fccf839df
1.49432E+12,953.7939453,903d185fccf839df
1.49432E+12,953.8022461,903d185fccf839df
1.49432E+12,953.8168945,903d185fccf839df
1.49432E+12,953.8151855,903d185fccf839df
1.49432E+12,953.8269043,903d185fccf839df
1.49432E+12,953.828125,903d185fccf839df
1.49432E+12,953.8312988,903d185fccf839df
1.49432E+12,953.8259277,903d185fccf839df
1.49432E+12,953.8283691,903d185fccf839df
1.49432E+12,953.8146973,903d185fccf839df
1.49432E+12,953.8151855,903d185fccf839df
1.49432E+12,953.8005371,903d185fccf839df
1.49432E+12,953.8068848,903d185fccf839df
1.49432E+12,953.8022461,903d185fccf839df
1.49432E+12,953.8056641,903d185fccf839df
1.49432E+12,953.8066406,903d185fccf839df
1.49432E+12,953.8029785,903d185fccf839df
1.49432E+12,953.8056641,903d185fccf839df
1.49432E+12,953.8051758,903d185fccf839df
1.49432E+12,953.796875,903d185fccf839df
1.49432E+12,953.7973633,903d185fccf839df
1.49432E+12,953.8063965,903d185fccf839df
1.49432E+12,953.807373,903d185fccf839df
1.49432E+12,953.8120117,903d185fccf839df
1.49432E+12,953.8134766,903d185fccf839df
1.49432E+12,953.8015137,903d185fccf839df
1.49432E+12,953.8310547,903d185fccf839df
1.49432E+12,953.8254395,903d185fccf839df
1.49432E+12,953.8234863,903d185fccf839df
1.49432E+12,953.8269043,903d185fccf839df
1.49432E+12,953.8254395,903d185fccf839df
1.49432E+12,953.8271484,903d185fccf839df
1.49432E+12,953.8317871,903d185fccf839df
1.49432E+12,953.8286133,903d185fccf839df
1.49432E+12,953.8254395,903d185fccf839df
1.49432E+12,953.8251953,903d185fccf839df
1.49432E+12,953.8254395,903d185fccf839df
1.49432E+12,953.8295898,903d185fccf839df
1.49432E+12,953.814209,903d185fccf839df
1.49432E+12,953.8205566,903d185fccf839df
1.49432E+12,953.8254395,903d185fccf839df
1.49432E+12,953.8273926,903d185fccf839df
1.49432E+12,953.8251953,903d185fccf839df
1.49432E+12,953.8256836,903d185fccf839df
1.49432E+12,953.8188477,903d185fccf839df
1.49432E+12,953.8337402,903d185fccf839df
1.49432E+12,953.8481445,903d185fccf839df
1.49432E+12,953.8327637,903d185fccf839df
1.49432E+12,953.8376465,903d185fccf839df
1.49432E+12,953.8383789,903d185fccf839df
1.49432E+12,953.8383789,903d185fccf839df
1.49432E+12,953.8312988,903d185fccf839df
1.49432E+12,953.8376465,903d185fccf839df
1.49432E+12,953.8217773,903d185fccf839df
1.49432E+12,953.8198242,903d185fccf839df
1.49432E+12,953.8066406,903d185fccf839df
1.49432E+12,953.7976074,903d185fccf839df
1.49432E+12,953.795166,903d185fccf839df
1.49432E+12,953.7980957,903d185fccf839df
1.49432E+12,953.8044434,903d185fccf839df
1.49432E+12,953.8195801,903d185fccf839df
1.49432E+12,953.8137207,903d185fccf839df
1.49432E+12,953.8303223,903d185fccf839df
1.49432E+12,953.8283691,903d185fccf839df
1.49432E+12,953.8181152,903d185fccf839df
1.49432E+12,953.8171387,903d185fccf839df
1.49432E+12,953.8083496,903d185fccf839df
1.49432E+12,953.8034668,903d185fccf839df
1.49432E+12,953.8122559,903d185fccf839df
1.49432E+12,953.802002,903d185fccf839df
1.49432E+12,953.8190918,903d185fccf839df
1.49432E+12,953.8259277,903d185fccf839df
1.49432E+12,953.8400879,903d185fccf839df
1.49432E+12,953.8435059,903d185fccf839df
1.49432E+12,953.8415527,903d185fccf839df
1.49432E+12,953.8334961,903d185fccf839df
1.49432E+12,953.8261719,903d185fccf839df
1.49432E+12,953.8161621,903d185fccf839df
1.49432E+12,953.7927246,903d185fccf839df
1.49432E+12,953.7788086,903d185fccf839df
1.49432E+12,953.760498,903d185fccf839df
1.49432E+12,953.7475586,903d185fccf839df
1.49432E+12,953.7434082,903d185fccf839df
1.49432E+12,953.7416992,903d185fccf839df
1.49432E+12,953.7426758,903d185fccf839df
1.49432E+12,953.739502,903d185fccf839df
1.49432E+12,953.7407227,903d185fccf839df
1.49432E+12,953.7189941,903d185fccf839df
1.49432E+12,953.71875,903d185fccf839df
1.49432E+12,953.7126465,903d185fccf839df
1.49432E+12,953.7023926,903d185fccf839df
1.49432E+12,953.6835938,903d185fccf839df
1.49432E+12,953.677002,903d185fccf839df
1.49432E+12,953.6630859,903d185fccf839df
1.49432E+12,953.6538086,903d185fccf839df
1.49432E+12,953.6628418,903d185fccf839df
1.49432E+12,953.6484375,903d185fccf839df
1.49432E+12,953.6420898,903d185fccf839df
1.49432E+12,953.6403809,903d185fccf839df
1.49432E+12,953.6352539,903d185fccf839df
1.49432E+12,953.6384277,903d185fccf839df
1.49432E+12,953.6464844,903d185fccf839df
1.49432E+12,953.6420898,903d185fccf839df
1.49432E+12,953.6369629,903d185fccf839df
1.49432E+12,953.6254883,903d185fccf839df
1.49432E+12,953.6169434,903d185fccf839df
1.49432E+12,953.604248,903d185fccf839df
1.49432E+12,953.5925293,903d185fccf839df
1.49432E+12,953.5866699,903d185fccf839df
1.49432E+12,953.5864258,903d185fccf839df
1.49432E+12,953.5881348,903d185fccf839df
1.49432E+12,953.5908203,903d185fccf839df
1.49432E+12,953.5913086,903d185fccf839df
1.49432E+12,953.5756836,903d185fccf839df
1.49432E+12,953.574707,903d185fccf839df
1.49432E+12,953.5788574,903d185fccf839df
1.49432E+12,953.5549316,903d185fccf839df
1.49432E+12,953.5498047,903d185fccf839df
1.49432E+12,953.5358887,903d185fccf839df
1.49432E+12,953.5205078,903d185fccf839df
1.49432E+12,953.5185547,903d185fccf839df
1.49432E+12,953.5178223,903d185fccf839df
1.49432E+12,953.5090332,903d185fccf839df
1.49432E+12,953.5141602,903d185fccf839df
1.49432E+12,953.5019531,903d185fccf839df
1.49432E+12,953.5068359,903d185fccf839df
1.49432E+12,953.5100098,903d185fccf839df
1.49432E+12,953.5151367,903d185fccf839df
1.49432E+12,953.5205078,903d185fccf839df
1.49432E+12,953.5107422,903d185fccf839df
1.49432E+12,953.5056152,903d185fccf839df
1.49432E+12,953.5053711,903d185fccf839df
1.49432E+12,953.5056152,903d185fccf839df
1.49432E+12,953.4934082,903d185fccf839df
1.49432E+12,953.4938965,903d185fccf839df
1.49432E+12,953.4880371,903d185fccf839df
1.49432E+12,953.4719238,903d185fccf839df
1.49432E+12,953.4758301,903d185fccf839df
1.49432E+12,953.4902344,903d185fccf839df
1.49432E+12,953.4882813,903d185fccf839df
1.49432E+12,953.4790039,903d185fccf839df
1.49432E+12,953.4772949,903d185fccf839df
1.49432E+12,953.4765625,903d185fccf839df
1.49432E+12,953.4924316,903d185fccf839df
1.49432E+12,953.5007324,903d185fccf839df
1.49432E+12,953.4936523,903d185fccf839df
1.49432E+12,953.4812012,903d185fccf839df
1.49432E+12,953.4763184,903d185fccf839df
1.49432E+12,953.470459,903d185fccf839df
1.49432E+12,953.4797363,903d185fccf839df
1.49432E+12,953.4677734,903d185fccf839df
1.49432E+12,953.4511719,903d185fccf839df
1.49432E+12,953.447998,903d185fccf839df
1.49432E+12,953.4467773,903d185fccf839df
1.49432E+12,953.4511719,903d185fccf839df
1.49432E+12,953.4494629,903d185fccf839df
1.49432E+12,953.4377441,903d185fccf839df
1.49432E+12,953.4433594,903d185fccf839df
1.49432E+12,953.4501953,903d185fccf839df
1.49432E+12,953.4387207,903d185fccf839df
1.49432E+12,953.4460449,903d185fccf839df
1.49432E+12,953.4553223,903d185fccf839df
1.49432E+12,953.4763184,903d185fccf839df
1.49432E+12,953.479248,903d185fccf839df
1.49432E+12,953.4763184,903d185fccf839df
1.49432E+12,953.4836426,903d185fccf839df
1.49432E+12,953.4958496,903d185fccf839df
1.49432E+12,953.4973145,903d185fccf839df
1.49432E+12,953.4846191,903d185fccf839df
1.49432E+12,953.4711914,903d185fccf839df
1.49432E+12,953.4677734,903d185fccf839df
1.49432E+12,953.4680176,903d185fccf839df
1.49432E+12,953.4584961,903d185fccf839df
1.49432E+12,953.4580078,903d185fccf839df
1.49432E+12,953.4572754,903d185fccf839df
1.49432E+12,953.4648438,903d185fccf839df
1.49432E+12,953.4709473,903d185fccf839df
1.49432E+12,953.4797363,903d185fccf839df
1.49432E+12,953.4833984,903d185fccf839df
1.49432E+12,953.4934082,903d185fccf839df
1.49432E+12,953.5007324,903d185fccf839df
1.49432E+12,953.4953613,903d185fccf839df
1.49432E+12,953.4987793,903d185fccf839df
1.49432E+12,953.4987793,903d185fccf839df
1.49432E+12,953.4924316,903d185fccf839df
1.49432E+12,953.5029297,903d185fccf839df
1.49432E+12,953.5019531,903d185fccf839df
1.49432E+12,953.4938965,903d185fccf839df
1.49432E+12,953.487793,903d185fccf839df
1.49432E+12,953.4902344,903d185fccf839df
1.49432E+12,953.4912109,903d185fccf839df
1.49432E+12,953.4902344,903d185fccf839df
1.49432E+12,953.4909668,903d185fccf839df
1.49432E+12,953.4799805,903d185fccf839df
1.49432E+12,953.4890137,903d185fccf839df
1.49432E+12,953.4985352,903d185fccf839df
1.49432E+12,953.503418,903d185fccf839df
1.49432E+12,953.5205078,903d185fccf839df
1.49432E+12,953.5129395,903d185fccf839df
1.49432E+12,953.5046387,903d185fccf839df
1.49432E+12,953.5063477,903d185fccf839df
1.49432E+12,953.5014648,903d185fccf839df
1.49432E+12,953.4990234,903d185fccf839df
1.49432E+12,953.4865723,903d185fccf839df
1.49432E+12,953.4753418,903d185fccf839df
1.49432E+12,953.4794922,903d185fccf839df
1.49432E+12,953.4921875,903d185fccf839df
1.49432E+12,953.4855957,903d185fccf839df
1.49432E+12,953.4946289,903d185fccf839df
1.49432E+12,953.489502,903d185fccf839df
1.49432E+12,953.4885254,903d185fccf839df
1.49432E+12,953.4865723,903d185fccf839df
1.49432E+12,953.4672852,903d185fccf839df
1.49432E+12,953.4614258,903d185fccf839df
1.49432E+12,953.472168,903d185fccf839df
1.49432E+12,953.4660645,903d185fccf839df
1.49432E+12,953.4550781,903d185fccf839df
1.49432E+12,953.4519043,903d185fccf839df
1.49432E+12,953.4438477,903d185fccf839df
1.49432E+12,953.4460449,903d185fccf839df
1.49432E+12,953.467041,903d185fccf839df
1.49432E+12,953.453125,903d185fccf839df
1.49432E+12,953.449707,903d185fccf839df
1.49432E+12,953.4533691,903d185fccf839df
1.49432E+12,953.456543,903d185fccf839df
1.49432E+12,953.4665527,903d185fccf839df
1.49432E+12,953.4736328,903d185fccf839df
1.49432E+12,953.4768066,903d185fccf839df
1.49432E+12,953.4836426,903d185fccf839df
1.49432E+12,953.4943848,903d185fccf839df
1.49432E+12,953.4885254,903d185fccf839df
1.49432E+12,953.4797363,903d185fccf839df
1.49432E+12,953.4726563,903d185fccf839df
1.49432E+12,953.4628906,903d185fccf839df
1.49432E+12,953.4599609,903d185fccf839df
1.49432E+12,953.4501953,903d185fccf839df
1.49432E+12,953.4462891,903d185fccf839df
1.49432E+12,953.4328613,903d185fccf839df
1.49432E+12,953.4499512,903d185fccf839df
1.49432E+12,953.4511719,903d185fccf839df
1.49432E+12,953.4501953,903d185fccf839df
1.49432E+12,953.4633789,903d185fccf839df
1.49432E+12,953.4729004,903d185fccf839df
1.49432E+12,953.463623,903d185fccf839df
1.49432E+12,953.4780273,903d185fccf839df
1.49432E+12,953.473877,903d185fccf839df
1.49432E+12,953.4775391,903d185fccf839df
1.49432E+12,953.4851074,903d185fccf839df
1.49432E+12,953.4816895,903d185fccf839df
1.49432E+12,953.4733887,903d185fccf839df
1.49432E+12,953.4863281,903d185fccf839df
1.49432E+12,953.486084,903d185fccf839df
1.49432E+12,953.4938965,903d185fccf839df
1.49432E+12,953.5009766,903d185fccf839df
1.49432E+12,953.4875488,903d185fccf839df
1.49432E+12,953.4794922,903d185fccf839df
1.49432E+12,953.480957,903d185fccf839df
1.49432E+12,953.4711914,903d185fccf839df
1.49432E+12,953.4594727,903d185fccf839df
1.49432E+12,953.4382324,903d185fccf839df
1.49432E+12,953.4260254,903d185fccf839df
1.49432E+12,953.4196777,903d185fccf839df
1.49432E+12,953.4199219,903d185fccf839df
1.49432E+12,953.4040527,903d185fccf839df
1.49432E+12,953.4035645,903d185fccf839df
1.49432E+12,953.3999023,903d185fccf839df
1.49432E+12,953.3974609,903d185fccf839df
1.49432E+12,953.3908691,903d185fccf839df
1.49432E+12,953.3867188,903d185fccf839df
1.49432E+12,953.3686523,903d185fccf839df
1.49432E+12,953.3681641,903d185fccf839df
1.49432E+12,953.3625488,903d185fccf839df
1.49432E+12,953.3459473,903d185fccf839df
1.49432E+12,953.3337402,903d185fccf839df
1.49432E+12,953.3354492,903d185fccf839df
1.49432E+12,953.3400879,903d185fccf839df
1.49432E+12,953.3354492,903d185fccf839df
1.49432E+12,953.3259277,903d185fccf839df
1.49432E+12,953.3288574,903d185fccf839df
1.49432E+12,953.3339844,903d185fccf839df
1.49432E+12,953.34375,903d185fccf839df
1.49432E+12,953.3486328,903d185fccf839df
1.49432E+12,953.3395996,903d185fccf839df
1.49432E+12,953.3288574,903d185fccf839df
1.49432E+12,953.3317871,903d185fccf839df
1.49432E+12,953.3266602,903d185fccf839df
1.49432E+12,953.326416,903d185fccf839df
1.49432E+12,953.3110352,903d185fccf839df
1.49432E+12,953.3205566,903d185fccf839df
1.49432E+12,953.3283691,903d185fccf839df
1.49432E+12,953.3291016,903d185fccf839df
1.49432E+12,953.3239746,903d185fccf839df
1.49432E+12,953.3178711,903d185fccf839df
1.49432E+12,953.3193359,903d185fccf839df
1.49432E+12,953.3110352,903d185fccf839df
1.49432E+12,953.279541,903d185fccf839df
1.49432E+12,953.2802734,903d185fccf839df
1.49432E+12,953.279541,903d185fccf839df
1.49432E+12,953.2629395,903d185fccf839df
1.49432E+12,953.2563477,903d185fccf839df
1.49432E+12,953.25,903d185fccf839df
1.49432E+12,953.2480469,903d185fccf839df
1.49432E+12,953.2470703,903d185fccf839df
1.49432E+12,953.2463379,903d185fccf839df
1.49432E+12,953.229248,903d185fccf839df
1.49432E+12,953.236084,903d185fccf839df
1.49432E+12,953.2358398,903d185fccf839df
1.49432E+12,953.2321777,903d185fccf839df
1.49432E+12,953.2167969,903d185fccf839df
1.49432E+12,953.199707,903d185fccf839df
1.49432E+12,953.190918,903d185fccf839df
1.49432E+12,953.1791992,903d185fccf839df
1.49432E+12,953.1838379,903d185fccf839df
1.49432E+12,953.184082,903d185fccf839df
1.49432E+12,953.1809082,903d185fccf839df
1.49432E+12,953.1762695,903d185fccf839df
1.49432E+12,953.1838379,903d185fccf839df
1.49432E+12,953.1813965,903d185fccf839df
1.49432E+12,953.1887207,903d185fccf839df
1.49432E+12,953.1779785,903d185fccf839df
1.49432E+12,953.168457,903d185fccf839df
1.49432E+12,953.1672363,903d185fccf839df
1.49432E+12,953.1650391,903d185fccf839df
1.49432E+12,953.1691895,903d185fccf839df
1.49432E+12,953.1618652,903d185fccf839df
1.49432E+12,953.1711426,903d185fccf839df
1.49432E+12,953.1777344,903d185fccf839df
1.49432E+12,953.1809082,903d185fccf839df
1.49432E+12,953.177002,903d185fccf839df
1.49432E+12,953.1738281,903d185fccf839df
1.49432E+12,953.170166,903d185fccf839df
1.49432E+12,953.1877441,903d185fccf839df
1.49432E+12,953.1833496,903d185fccf839df
1.49432E+12,953.1882324,903d185fccf839df
1.49432E+12,953.1806641,903d185fccf839df
1.49432E+12,953.1879883,903d185fccf839df
1.49432E+12,953.1940918,903d185fccf839df
1.49432E+12,953.2016602,903d185fccf839df
1.49432E+12,953.1916504,903d185fccf839df
1.49432E+12,953.1914063,903d185fccf839df
1.49432E+12,953.1862793,903d185fccf839df
1.49432E+12,953.1723633,903d185fccf839df
1.49432E+12,953.1647949,903d185fccf839df
1.49432E+12,953.1494141,903d185fccf839df
1.49432E+12,953.1489258,903d185fccf839df
1.49432E+12,953.1484375,903d185fccf839df
1.49432E+12,953.1394043,903d185fccf839df
1.49432E+12,953.1408691,903d185fccf839df
1.49432E+12,953.1484375,903d185fccf839df
1.49432E+12,953.140625,903d185fccf839df
1.49432E+12,953.1542969,903d185fccf839df
1.49432E+12,953.1472168,903d185fccf839df
1.49432E+12,953.154541,903d185fccf839df
1.49432E+12,953.1555176,903d185fccf839df
1.49432E+12,953.1394043,903d185fccf839df
1.49432E+12,953.1289063,903d185fccf839df
1.49432E+12,953.1479492,903d185fccf839df
1.49432E+12,953.161377,903d185fccf839df
1.49432E+12,953.1660156,903d185fccf839df
1.49432E+12,953.1657715,903d185fccf839df
1.49432E+12,953.1713867,903d185fccf839df
1.49432E+12,953.1806641,903d185fccf839df
1.49432E+12,953.2165527,903d185fccf839df
1.49432E+12,953.2084961,903d185fccf839df
1.49432E+12,953.2028809,903d185fccf839df
1.49432E+12,953.2019043,903d185fccf839df
1.49432E+12,953.2172852,903d185fccf839df
1.49432E+12,953.2116699,903d185fccf839df
1.49432E+12,953.2089844,903d185fccf839df
1.49432E+12,953.192627,903d185fccf839df
1.49432E+12,953.1899414,903d185fccf839df
1.49432E+12,953.2004395,903d185fccf839df
1.49432E+12,953.1950684,903d185fccf839df
1.49432E+12,953.1896973,903d185fccf839df
1.49432E+12,953.1791992,903d185fccf839df
1.49432E+12,953.1726074,903d185fccf839df
1.49432E+12,953.171875,903d185fccf839df
1.49432E+12,953.1616211,903d185fccf839df
1.49432E+12,953.1437988,903d185fccf839df
1.49432E+12,953.1413574,903d185fccf839df
1.49432E+12,953.1318359,903d185fccf839df
1.49432E+12,953.1425781,903d185fccf839df
1.49432E+12,953.1391602,903d185fccf839df
1.49432E+12,953.1384277,903d185fccf839df
1.49432E+12,953.1420898,903d185fccf839df
1.49432E+12,953.1589355,903d185fccf839df
1.49432E+12,953.1665039,903d185fccf839df
1.49432E+12,953.1733398,903d185fccf839df
1.49432E+12,953.1726074,903d185fccf839df
1.49432E+12,953.1601563,903d185fccf839df
1.49432E+12,953.182373,903d185fccf839df
1.49432E+12,953.1850586,903d185fccf839df
1.49432E+12,953.175293,903d185fccf839df
1.49432E+12,953.1669922,903d185fccf839df
1.49432E+12,953.1643066,903d185fccf839df
1.49432E+12,953.1623535,903d185fccf839df
1.49432E+12,953.1582031,903d185fccf839df
1.49432E+12,953.1591797,903d185fccf839df
1.49432E+12,953.1523438,903d185fccf839df
1.49432E+12,953.1660156,903d185fccf839df
1.49432E+12,953.173584,903d185fccf839df
1.49432E+12,953.1799316,903d185fccf839df
1.49432E+12,953.1884766,903d185fccf839df
1.49432E+12,953.1914063,903d185fccf839df
1.49432E+12,953.1950684,903d185fccf839df
1.49432E+12,953.1987305,903d185fccf839df
1.49432E+12,953.1955566,903d185fccf839df
1.49432E+12,953.1826172,903d185fccf839df
1.49432E+12,953.1784668,903d185fccf839df
1.49432E+12,953.1821289,903d185fccf839df
1.49432E+12,953.1679688,903d185fccf839df
1.49432E+12,953.1674805,903d185fccf839df
1.49432E+12,953.1655273,903d185fccf839df
1.49432E+12,953.1674805,903d185fccf839df
1.49432E+12,953.1821289,903d185fccf839df
1.49432E+12,953.1862793,903d185fccf839df
1.49432E+12,953.1809082,903d185fccf839df
1.49432E+12,953.1906738,903d185fccf839df
1.49432E+12,953.1884766,903d185fccf839df
1.49432E+12,953.1799316,903d185fccf839df
1.49432E+12,953.1989746,903d185fccf839df
1.49432E+12,953.1921387,903d185fccf839df
1.49432E+12,953.1940918,903d185fccf839df
1.49432E+12,953.1850586,903d185fccf839df
1.49432E+12,953.1809082,903d185fccf839df
1.49432E+12,953.1816406,903d185fccf839df
1.49432E+12,953.1708984,903d185fccf839df
1.49432E+12,953.1520996,903d185fccf839df
1.49432E+12,953.1474609,903d185fccf839df
1.49432E+12,953.1408691,903d185fccf839df
1.49432E+12,953.1420898,903d185fccf839df
1.49432E+12,953.121582,903d185fccf839df
1.49432E+12,953.1142578,903d185fccf839df
1.49432E+12,953.107666,903d185fccf839df
1.49432E+12,953.0957031,903d185fccf839df
1.49432E+12,953.0925293,903d185fccf839df
1.49432E+12,953.0986328,903d185fccf839df
1.49432E+12,953.0959473,903d185fccf839df
1.49432E+12,953.0998535,903d185fccf839df
1.49432E+12,953.1003418,903d185fccf839df
1.49432E+12,953.1035156,903d185fccf839df
1.49432E+12,953.1020508,903d185fccf839df
1.49432E+12,953.1086426,903d185fccf839df
1.49432E+12,953.1069336,903d185fccf839df
1.49432E+12,953.0961914,903d185fccf839df
1.49432E+12,953.1015625,903d185fccf839df
1.49432E+12,953.0986328,903d185fccf839df
1.49432E+12,953.0893555,903d185fccf839df
1.49432E+12,953.0852051,903d185fccf839df
1.49432E+12,953.0905762,903d185fccf839df
1.49432E+12,953.0808105,903d185fccf839df
1.49432E+12,953.0856934,903d185fccf839df
1.49432E+12,953.0847168,903d185fccf839df
1.49432E+12,953.0722656,903d185fccf839df
1.49432E+12,953.0727539,903d185fccf839df
1.49432E+12,953.0742188,903d185fccf839df
1.49432E+12,953.0581055,903d185fccf839df
1.49432E+12,953.0498047,903d185fccf839df
1.49432E+12,953.0375977,903d185fccf839df
1.49432E+12,953.0241699,903d185fccf839df
1.49432E+12,953.0229492,903d185fccf839df
1.49432E+12,953.0214844,903d185fccf839df
1.49432E+12,953.0073242,903d185fccf839df
1.49432E+12,953.0048828,903d185fccf839df
1.49432E+12,953.0065918,903d185fccf839df
1.49432E+12,953.0063477,903d185fccf839df
1.49432E+12,953.005127,903d185fccf839df
1.49432E+12,953.0153809,903d185fccf839df
1.49432E+12,953.0031738,903d185fccf839df
1.49432E+12,953.0129395,903d185fccf839df
1.49432E+12,953.0141602,903d185fccf839df
1.49432E+12,953.0178223,903d185fccf839df
1.49432E+12,953.0063477,903d185fccf839df
1.49432E+12,953.0012207,903d185fccf839df
1.49432E+12,952.9804688,903d185fccf839df
1.49432E+12,952.9655762,903d185fccf839df
1.49432E+12,952.9475098,903d185fccf839df
1.49432E+12,952.9506836,903d185fccf839df
1.49432E+12,952.9445801,903d185fccf839df
1.49432E+12,952.9455566,903d185fccf839df
1.49432E+12,952.9638672,903d185fccf839df
1.49432E+12,952.9655762,903d185fccf839df
1.49432E+12,952.9711914,903d185fccf839df
1.49432E+12,952.9934082,903d185fccf839df
1.49432E+12,952.9973145,903d185fccf839df
1.49432E+12,953.0002441,903d185fccf839df
1.49432E+12,953.0012207,903d185fccf839df
1.49432E+12,952.9875488,903d185fccf839df
1.49432E+12,952.973877,903d185fccf839df
1.49432E+12,952.9765625,903d185fccf839df
1.49432E+12,952.9633789,903d185fccf839df
1.49432E+12,952.9487305,903d185fccf839df
1.49432E+12,952.9306641,903d185fccf839df
1.49432E+12,952.9118652,903d185fccf839df
1.49432E+12,952.904541,903d185fccf839df
1.49432E+12,952.9125977,903d185fccf839df
1.49432E+12,952.9128418,903d185fccf839df
1.49432E+12,952.9091797,903d185fccf839df
1.49432E+12,952.9038086,903d185fccf839df
1.49432E+12,952.9169922,903d185fccf839df
1.49432E+12,952.9194336,903d185fccf839df
1.49432E+12,952.920166,903d185fccf839df
1.49432E+12,952.9133301,903d185fccf839df
1.49432E+12,952.9069824,903d185fccf839df
1.49432E+12,952.8964844,903d185fccf839df
1.49432E+12,952.9118652,903d185fccf839df
1.49432E+12,952.9042969,903d185fccf839df
1.49432E+12,952.9047852,903d185fccf839df
1.49432E+12,952.8933105,903d185fccf839df
1.49432E+12,952.8859863,903d185fccf839df
1.49432E+12,952.8852539,903d185fccf839df
1.49432E+12,952.9006348,903d185fccf839df
1.49432E+12,952.8994141,903d185fccf839df
1.49432E+12,952.885498,903d185fccf839df
1.49432E+12,952.8881836,903d185fccf839df
1.49432E+12,952.8884277,903d185fccf839df
1.49432E+12,952.904541,903d185fccf839df
1.49432E+12,952.9155273,903d185fccf839df
1.49432E+12,952.9086914,903d185fccf839df
1.49432E+12,952.8984375,903d185fccf839df
1.49432E+12,952.9072266,903d185fccf839df
1.49432E+12,952.9099121,903d185fccf839df
1.49432E+12,952.9084473,903d185fccf839df
1.49432E+12,952.9199219,903d185fccf839df
1.49432E+12,952.8974609,903d185fccf839df
1.49432E+12,952.8898926,903d185fccf839df
1.49432E+12,952.9033203,903d185fccf839df
1.49432E+12,952.9033203,903d185fccf839df
1.49432E+12,952.9106445,903d185fccf839df
1.49432E+12,952.9255371,903d185fccf839df
1.49432E+12,952.9245605,903d185fccf839df
1.49432E+12,952.9411621,903d185fccf839df
1.49432E+12,952.9553223,903d185fccf839df
1.49432E+12,952.947998,903d185fccf839df
1.49432E+12,952.940918,903d185fccf839df
1.49432E+12,952.9372559,903d185fccf839df
1.49432E+12,952.9277344,903d185fccf839df
1.49432E+12,952.9279785,903d185fccf839df
1.49432E+12,952.9191895,903d185fccf839df
1.49432E+12,952.9135742,903d185fccf839df
1.49432E+12,952.9245605,903d185fccf839df
1.49432E+12,952.920166,903d185fccf839df
1.49432E+12,952.9125977,903d185fccf839df
1.49432E+12,952.9055176,903d185fccf839df
1.49432E+12,952.9042969,903d185fccf839df
1.49432E+12,952.8955078,903d185fccf839df
1.49432E+12,952.9016113,903d185fccf839df
1.49432E+12,952.8979492,903d185fccf839df
1.49432E+12,952.8962402,903d185fccf839df
1.49432E+12,952.8989258,903d185fccf839df
1.49432E+12,952.9042969,903d185fccf839df
1.49432E+12,952.9172363,903d185fccf839df
1.49432E+12,952.9299316,903d185fccf839df
1.49432E+12,952.9372559,903d185fccf839df
1.49432E+12,952.9311523,903d185fccf839df
1.49432E+12,952.9411621,903d185fccf839df
1.49432E+12,952.934082,903d185fccf839df
1.49432E+12,952.9318848,903d185fccf839df
1.49432E+12,952.9267578,903d185fccf839df
1.49432E+12,952.9191895,903d185fccf839df
1.49432E+12,952.9155273,903d185fccf839df
1.49432E+12,952.9177246,903d185fccf839df
1.49432E+12,952.9106445,903d185fccf839df
1.49432E+12,952.9052734,903d185fccf839df
1.49432E+12,952.9060059,903d185fccf839df
1.49432E+12,952.9272461,903d185fccf839df
1.49432E+12,952.9245605,903d185fccf839df
1.49432E+12,952.9228516,903d185fccf839df
1.49432E+12,952.9182129,903d185fccf839df
1.49432E+12,952.9140625,903d185fccf839df
1.49432E+12,952.9106445,903d185fccf839df
1.49432E+12,952.9182129,903d185fccf839df
1.49432E+12,952.9177246,903d185fccf839df
1.49432E+12,952.9111328,903d185fccf839df
1.49432E+12,952.925293,903d185fccf839df
1.49432E+12,952.9291992,903d185fccf839df
1.49432E+12,952.9301758,903d185fccf839df
1.49432E+12,952.9289551,903d185fccf839df
1.49432E+12,952.9255371,903d185fccf839df
1.49432E+12,952.9333496,903d185fccf839df
1.49432E+12,952.9223633,903d185fccf839df
1.49432E+12,952.9169922,903d185fccf839df
1.49432E+12,952.9143066,903d185fccf839df
1.49432E+12,952.9155273,903d185fccf839df
1.49432E+12,952.9204102,903d185fccf839df
1.49432E+12,952.9208984,903d185fccf839df
1.49432E+12,952.9099121,903d185fccf839df
1.49432E+12,952.9050293,903d185fccf839df
1.49432E+12,952.9003906,903d185fccf839df
1.49432E+12,952.8930664,903d185fccf839df
1.49432E+12,952.8886719,903d185fccf839df
1.49432E+12,952.8850098,903d185fccf839df
1.49432E+12,952.8771973,903d185fccf839df
1.49432E+12,952.8815918,903d185fccf839df
1.49432E+12,952.8774414,903d185fccf839df
1.49432E+12,952.8850098,903d185fccf839df
1.49432E+12,952.8920898,903d185fccf839df
1.49432E+12,952.8930664,903d185fccf839df
1.49432E+12,952.8967285,903d185fccf839df
1.49432E+12,952.8942871,903d185fccf839df
1.49432E+12,952.9016113,903d185fccf839df
1.49432E+12,952.9118652,903d185fccf839df
1.49432E+12,952.9106445,903d185fccf839df
1.49432E+12,952.9055176,903d185fccf839df
1.49432E+12,952.9082031,903d185fccf839df
1.49432E+12,952.9077148,903d185fccf839df
1.49432E+12,952.9143066,903d185fccf839df
1.49432E+12,952.9018555,903d185fccf839df
1.49432E+12,952.8952637,903d185fccf839df
1.49432E+12,952.8828125,903d185fccf839df
1.49432E+12,952.8776855,903d185fccf839df
1.49432E+12,952.8813477,903d185fccf839df
1.49432E+12,952.8825684,903d185fccf839df
1.49432E+12,952.885498,903d185fccf839df
1.49432E+12,952.8828125,903d185fccf839df
1.49432E+12,952.9067383,903d185fccf839df
1.49432E+12,952.9089355,903d185fccf839df
1.49432E+12,952.9082031,903d185fccf839df
1.49432E+12,952.9013672,903d185fccf839df
1.49432E+12,952.904541,903d185fccf839df
1.49432E+12,952.8989258,903d185fccf839df
1.49432E+12,952.8847656,903d185fccf839df
1.49432E+12,952.8886719,903d185fccf839df
1.49432E+12,952.8896484,903d185fccf839df
1.49432E+12,952.8847656,903d185fccf839df
1.49432E+12,952.8869629,903d185fccf839df
1.49432E+12,952.892334,903d185fccf839df
1.49432E+12,952.8876953,903d185fccf839df
1.49432E+12,952.8933105,903d185fccf839df
1.49432E+12,952.8977051,903d185fccf839df
1.49432E+12,952.8952637,903d185fccf839df
1.49432E+12,952.8881836,903d185fccf839df
1.49432E+12,952.888916,903d185fccf839df
1.49432E+12,952.8835449,903d185fccf839df
1.49432E+12,952.8867188,903d185fccf839df
1.49432E+12,952.8815918,903d185fccf839df
1.49432E+12,952.8967285,903d185fccf839df
1.49432E+12,952.892334,903d185fccf839df
1.49432E+12,952.8876953,903d185fccf839df
1.49432E+12,952.890625,903d185fccf839df
1.49432E+12,952.8942871,903d185fccf839df
1.49432E+12,952.8869629,903d185fccf839df
1.49432E+12,952.8972168,903d185fccf839df
1.49432E+12,952.8820801,903d185fccf839df
1.49432E+12,952.8818359,903d185fccf839df
1.49432E+12,952.8771973,903d185fccf839df
1.49432E+12,952.8920898,903d185fccf839df
1.49432E+12,952.8796387,903d185fccf839df
1.49432E+12,952.880127,903d185fccf839df
1.49432E+12,952.8830566,903d185fccf839df
1.49432E+12,952.8901367,903d185fccf839df
1.49432E+12,952.8842773,903d185fccf839df
1.49432E+12,952.8962402,903d185fccf839df
1.49432E+12,952.8918457,903d185fccf839df
1.49432E+12,952.8835449,903d185fccf839df
1.49432E+12,952.8813477,903d185fccf839df
1.49432E+12,952.8930664,903d185fccf839df
1.49432E+12,952.8864746,903d185fccf839df
1.49432E+12,952.9040527,903d185fccf839df
1.49432E+12,952.902832,903d185fccf839df
1.49432E+12,952.9140625,903d185fccf839df
1.49432E+12,952.9257813,903d185fccf839df
1.49432E+12,952.9404297,903d185fccf839df
1.49432E+12,952.9389648,903d185fccf839df
1.49432E+12,952.9533691,903d185fccf839df
1.49432E+12,952.9665527,903d185fccf839df
1.49432E+12,952.9719238,903d185fccf839df
1.49432E+12,952.9975586,903d185fccf839df
1.49432E+12,953.0109863,903d185fccf839df
1.49432E+12,953.0214844,903d185fccf839df
1.49432E+12,953.074707,903d185fccf839df
1.49432E+12,953.092041,903d185fccf839df
1.49432E+12,953.1081543,903d185fccf839df
1.49432E+12,953.1115723,903d185fccf839df
1.49432E+12,953.1164551,903d185fccf839df
1.49432E+12,953.1196289,903d185fccf839df
1.49432E+12,953.1313477,903d185fccf839df
1.49432E+12,953.1303711,903d185fccf839df
1.49432E+12,953.1191406,903d185fccf839df
1.49432E+12,953.119873,903d185fccf839df
1.49432E+12,953.1142578,903d185fccf839df
1.49432E+12,953.1108398,903d185fccf839df
1.49432E+12,953.1203613,903d185fccf839df
1.49432E+12,953.1264648,903d185fccf839df
1.49432E+12,953.1140137,903d185fccf839df
1.49432E+12,953.1003418,903d185fccf839df
1.49432E+12,953.0935059,903d185fccf839df
1.49432E+12,953.083252,903d185fccf839df
1.49432E+12,953.0737305,903d185fccf839df
1.49432E+12,953.065918,903d185fccf839df
1.49432E+12,953.0559082,903d185fccf839df
1.49432E+12,953.0527344,903d185fccf839df
1.49432E+12,953.0566406,903d185fccf839df
1.49432E+12,953.0666504,903d185fccf839df
1.49432E+12,953.0817871,903d185fccf839df
1.49432E+12,953.0952148,903d185fccf839df
1.49432E+12,953.098877,903d185fccf839df
1.49432E+12,953.104248,903d185fccf839df
1.49432E+12,953.1120605,903d185fccf839df
1.49432E+12,953.1088867,903d185fccf839df
1.49432E+12,953.1064453,903d185fccf839df
1.49432E+12,953.1166992,903d185fccf839df
1.49432E+12,953.1228027,903d185fccf839df
1.49432E+12,953.1281738,903d185fccf839df
1.49432E+12,953.1318359,903d185fccf839df
1.49432E+12,953.1281738,903d185fccf839df
1.49432E+12,953.1425781,903d185fccf839df
1.49432E+12,953.1567383,903d185fccf839df
1.49432E+12,953.1567383,903d185fccf839df
1.49432E+12,953.1621094,903d185fccf839df
1.49432E+12,953.1687012,903d185fccf839df
1.49432E+12,953.1879883,903d185fccf839df
1.49432E+12,953.2038574,903d185fccf839df
1.49432E+12,953.2138672,903d185fccf839df
1.49432E+12,953.2243652,903d185fccf839df
1.49432E+12,953.2368164,903d185fccf839df
1.49432E+12,953.2487793,903d185fccf839df
1.49432E+12,953.2443848,903d185fccf839df
1.49432E+12,953.237793,903d185fccf839df
1.49432E+12,953.2363281,903d185fccf839df
1.49432E+12,953.2348633,903d185fccf839df
1.49432E+12,953.2192383,903d185fccf839df
1.49432E+12,953.2177734,903d185fccf839df
1.49432E+12,953.2138672,903d185fccf839df
1.49432E+12,953.2138672,903d185fccf839df
1.49432E+12,953.2094727,903d185fccf839df
1.49432E+12,953.2148438,903d185fccf839df
1.49432E+12,953.2189941,903d185fccf839df
1.49432E+12,953.2229004,903d185fccf839df
1.49432E+12,953.2143555,903d185fccf839df
1.49432E+12,953.2143555,903d185fccf839df
1.49432E+12,953.2145996,903d185fccf839df
1.49432E+12,953.2226563,903d185fccf839df
1.49432E+12,953.2302246,903d185fccf839df
1.49432E+12,953.2255859,903d185fccf839df
1.49432E+12,953.2148438,903d185fccf839df
1.49432E+12,953.229248,903d185fccf839df
1.49432E+12,953.2451172,903d185fccf839df
1.49432E+12,953.2509766,903d185fccf839df
1.49432E+12,953.2524414,903d185fccf839df
1.49432E+12,953.2614746,903d185fccf839df
1.49432E+12,953.2663574,903d185fccf839df
1.49432E+12,953.2849121,903d185fccf839df
1.49432E+12,953.2941895,903d185fccf839df
1.49432E+12,953.3054199,903d185fccf839df
1.49432E+12,953.3029785,903d185fccf839df
1.49432E+12,953.3210449,903d185fccf839df
1.49432E+12,953.3337402,903d185fccf839df
1.49432E+12,953.3500977,903d185fccf839df
1.49432E+12,953.361084,903d185fccf839df
1.49432E+12,953.3706055,903d185fccf839df
1.49432E+12,953.3710938,903d185fccf839df
1.49432E+12,953.3828125,903d185fccf839df
1.49432E+12,953.3874512,903d185fccf839df
1.49432E+12,953.380127,903d185fccf839df
1.49432E+12,953.3862305,903d185fccf839df
1.49432E+12,953.3833008,903d185fccf839df
1.49432E+12,953.388916,903d185fccf839df
1.49432E+12,953.3793945,903d185fccf839df
1.49432E+12,953.3842773,903d185fccf839df
1.49432E+12,953.3867188,903d185fccf839df
1.49432E+12,953.3896484,903d185fccf839df
1.49432E+12,953.4030762,903d185fccf839df
1.49432E+12,953.4147949,903d185fccf839df
1.49432E+12,953.404541,903d185fccf839df
1.49432E+12,953.4084473,903d185fccf839df
1.49432E+12,953.4289551,903d185fccf839df
1.49432E+12,953.4213867,903d185fccf839df
1.49432E+12,953.4309082,903d185fccf839df
1.49432E+12,953.4353027,903d185fccf839df
1.49432E+12,953.4440918,903d185fccf839df
1.49432E+12,953.4536133,903d185fccf839df
1.49432E+12,953.4702148,903d185fccf839df
1.49432E+12,953.4648438,903d185fccf839df
1.49432E+12,953.4682617,903d185fccf839df
1.49432E+12,953.4794922,903d185fccf839df
1.49432E+12,953.4758301,903d185fccf839df
1.49432E+12,953.4892578,903d185fccf839df
1.49432E+12,953.5048828,903d185fccf839df
1.49432E+12,953.5021973,903d185fccf839df
1.49432E+12,953.5083008,903d185fccf839df
1.49432E+12,953.5168457,903d185fccf839df
1.49432E+12,953.5185547,903d185fccf839df
1.49432E+12,953.5180664,903d185fccf839df
1.49432E+12,953.5263672,903d185fccf839df
1.49432E+12,953.5131836,903d185fccf839df
1.49432E+12,953.5119629,903d185fccf839df
1.49432E+12,953.5192871,903d185fccf839df
1.49432E+12,953.5183105,903d185fccf839df
1.49432E+12,953.5256348,903d185fccf839df
1.49432E+12,953.5366211,903d185fccf839df
1.49432E+12,953.5456543,903d185fccf839df
1.49432E+12,953.5454102,903d185fccf839df
1.49432E+12,953.5603027,903d185fccf839df
1.49432E+12,953.5646973,903d185fccf839df
1.49432E+12,953.5656738,903d185fccf839df
1.49432E+12,953.574707,903d185fccf839df
1.49432E+12,953.5793457,903d185fccf839df
1.49432E+12,953.5854492,903d185fccf839df
1.49432E+12,953.5993652,903d185fccf839df
1.49432E+12,953.5974121,903d185fccf839df
1.49432E+12,953.6032715,903d185fccf839df
1.49432E+12,953.614502,903d185fccf839df
1.49432E+12,953.6130371,903d185fccf839df
1.49432E+12,953.6166992,903d185fccf839df
1.49432E+12,953.6186523,903d185fccf839df
1.49432E+12,953.6228027,903d185fccf839df
1.49432E+12,953.6206055,903d185fccf839df
1.49432E+12,953.6323242,903d185fccf839df
1.49432E+12,953.6484375,903d185fccf839df
1.49432E+12,953.6606445,903d185fccf839df
1.49432E+12,953.6608887,903d185fccf839df
1.49432E+12,953.6738281,903d185fccf839df
1.49432E+12,953.6779785,903d185fccf839df
1.49432E+12,953.6726074,903d185fccf839df
1.49432E+12,953.6604004,903d185fccf839df
1.49432E+12,953.6538086,903d185fccf839df
1.49432E+12,953.6462402,903d185fccf839df
1.49432E+12,953.6530762,903d185fccf839df
1.49432E+12,953.661377,903d185fccf839df
1.49432E+12,953.6567383,903d185fccf839df
1.49432E+12,953.6599121,903d185fccf839df
1.49432E+12,953.6794434,903d185fccf839df
1.49432E+12,953.689209,903d185fccf839df
1.49432E+12,953.7109375,903d185fccf839df
1.49432E+12,953.7150879,903d185fccf839df
1.49432E+12,953.7211914,903d185fccf839df
1.49432E+12,953.7436523,903d185fccf839df
1.49432E+12,953.7553711,903d185fccf839df
1.49432E+12,953.7646484,903d185fccf839df
1.49432E+12,953.7666016,903d185fccf839df
1.49432E+12,953.7683105,903d185fccf839df
1.49432E+12,953.7751465,903d185fccf839df
1.49432E+12,953.7766113,903d185fccf839df
1.49432E+12,953.7678223,903d185fccf839df
1.49432E+12,953.779541,903d185fccf839df
1.49432E+12,953.7800293,903d185fccf839df
1.49432E+12,953.7944336,903d185fccf839df
1.49432E+12,953.8078613,903d185fccf839df
1.49432E+12,953.8146973,903d185fccf839df
1.49432E+12,953.8254395,903d185fccf839df
1.49432E+12,953.8354492,903d185fccf839df
1.49432E+12,953.8337402,903d185fccf839df
1.49432E+12,953.8337402,903d185fccf839df
1.49432E+12,953.8442383,903d185fccf839df
1.49432E+12,953.842041,903d185fccf839df
1.49432E+12,953.8415527,903d185fccf839df
1.49432E+12,953.8330078,903d185fccf839df
1.49432E+12,953.8356934,903d185fccf839df
1.49432E+12,953.8354492,903d185fccf839df
1.49432E+12,953.8320313,903d185fccf839df
1.49432E+12,953.8288574,903d185fccf839df
1.49432E+12,953.8261719,903d185fccf839df
1.49432E+12,953.8269043,903d185fccf839df
1.49432E+12,953.8308105,903d185fccf839df
1.49432E+12,953.8544922,903d185fccf839df
1.49432E+12,953.8752441,903d185fccf839df
1.49432E+12,953.8825684,903d185fccf839df
1.49432E+12,953.8903809,903d185fccf839df
1.49432E+12,953.9030762,903d185fccf839df
1.49432E+12,953.9030762,903d185fccf839df
1.49432E+12,953.9067383,903d185fccf839df
1.49432E+12,953.9101563,903d185fccf839df
1.49432E+12,953.9067383,903d185fccf839df
1.49432E+12,953.8972168,903d185fccf839df
1.49432E+12,953.9035645,903d185fccf839df
1.49432E+12,953.9099121,903d185fccf839df
1.49432E+12,953.9230957,903d185fccf839df
1.49432E+12,953.9365234,903d185fccf839df
1.49432E+12,953.9384766,903d185fccf839df
1.49432E+12,953.9475098,903d185fccf839df
1.49432E+12,953.9555664,903d185fccf839df
1.49432E+12,953.9575195,903d185fccf839df
1.49432E+12,953.9584961,903d185fccf839df
1.49432E+12,953.9533691,903d185fccf839df
1.49432E+12,953.9570313,903d185fccf839df
1.49432E+12,953.9523926,903d185fccf839df
1.49432E+12,953.9570313,903d185fccf839df
1.49432E+12,953.9555664,903d185fccf839df
1.49432E+12,953.9760742,903d185fccf839df
1.49432E+12,953.9887695,903d185fccf839df
1.49432E+12,953.9992676,903d185fccf839df
1.49432E+12,954.0134277,903d185fccf839df
1.49432E+12,954.0246582,903d185fccf839df
1.49432E+12,954.0275879,903d185fccf839df
1.49432E+12,954.0371094,903d185fccf839df
1.49432E+12,954.0405273,903d185fccf839df
1.49432E+12,954.0412598,903d185fccf839df
1.49432E+12,954.046875,903d185fccf839df
1.49432E+12,954.0554199,903d185fccf839df
1.49432E+12,954.0539551,903d185fccf839df
1.49432E+12,954.0612793,903d185fccf839df
1.49432E+12,954.0551758,903d185fccf839df
1.49432E+12,954.0568848,903d185fccf839df
1.49432E+12,954.0473633,903d185fccf839df
1.49432E+12,954.0412598,903d185fccf839df
1.49432E+12,954.0515137,903d185fccf839df
1.49432E+12,954.0441895,903d185fccf839df
1.49432E+12,954.0493164,903d185fccf839df
1.49432E+12,954.0581055,903d185fccf839df
1.49432E+12,954.0644531,903d185fccf839df
1.49432E+12,954.0703125,903d185fccf839df
1.49432E+12,954.0690918,903d185fccf839df
1.49432E+12,954.0683594,903d185fccf839df
1.49432E+12,954.0678711,903d185fccf839df
1.49432E+12,954.0656738,903d185fccf839df
1.49432E+12,954.0820313,903d185fccf839df
1.49432E+12,954.0800781,903d185fccf839df
1.49432E+12,954.0927734,903d185fccf839df
1.49432E+12,954.1115723,903d185fccf839df
1.49432E+12,954.1245117,903d185fccf839df
1.49432E+12,954.1350098,903d185fccf839df
1.49432E+12,954.1520996,903d185fccf839df
1.49432E+12,954.1557617,903d185fccf839df
1.49432E+12,954.168457,903d185fccf839df
1.49432E+12,954.1791992,903d185fccf839df
1.49432E+12,954.177002,903d185fccf839df
1.49432E+12,954.173584,903d185fccf839df
1.49432E+12,954.1660156,903d185fccf839df
1.49432E+12,954.1784668,903d185fccf839df
1.49432E+12,954.1789551,903d185fccf839df
1.49432E+12,954.1875,903d185fccf839df
1.49432E+12,954.1818848,903d185fccf839df
1.49432E+12,954.1862793,903d185fccf839df
1.49432E+12,954.1992188,903d185fccf839df
1.49432E+12,954.2116699,903d185fccf839df
1.49432E+12,954.208252,903d185fccf839df
1.49432E+12,954.2094727,903d185fccf839df
1.49432E+12,954.1999512,903d185fccf839df
1.49432E+12,954.2028809,903d185fccf839df
1.49432E+12,954.2155762,903d185fccf839df
1.49432E+12,954.2263184,903d185fccf839df
1.49432E+12,954.2297363,903d185fccf839df
1.49432E+12,954.2375488,903d185fccf839df
1.49432E+12,954.237793,903d185fccf839df
1.49432E+12,954.2519531,903d185fccf839df
1.49432E+12,954.2683105,903d185fccf839df
1.49432E+12,954.2775879,903d185fccf839df
1.49432E+12,954.276123,903d185fccf839df
1.49432E+12,954.2766113,903d185fccf839df
1.49432E+12,954.2722168,903d185fccf839df
1.49432E+12,954.276123,903d185fccf839df
1.49432E+12,954.2893066,903d185fccf839df
1.49432E+12,954.2980957,903d185fccf839df
1.49432E+12,954.3022461,903d185fccf839df
1.49432E+12,954.3044434,903d185fccf839df
1.49432E+12,954.317627,903d185fccf839df
1.49432E+12,954.3320313,903d185fccf839df
1.49432E+12,954.3374023,903d185fccf839df
1.49432E+12,954.3334961,903d185fccf839df
1.49432E+12,954.3359375,903d185fccf839df
1.49432E+12,954.3469238,903d185fccf839df
1.49432E+12,954.3566895,903d185fccf839df
1.49432E+12,954.364502,903d185fccf839df
1.49432E+12,954.3586426,903d185fccf839df
1.49432E+12,954.371582,903d185fccf839df
1.49432E+12,954.3771973,903d185fccf839df
1.49432E+12,954.3876953,903d185fccf839df
1.49432E+12,954.3845215,903d185fccf839df
1.49432E+12,954.3808594,903d185fccf839df
1.49432E+12,954.3811035,903d185fccf839df
1.49432E+12,954.3820801,903d185fccf839df
1.49432E+12,954.3793945,903d185fccf839df
1.49432E+12,954.3769531,903d185fccf839df
1.49432E+12,954.3881836,903d185fccf839df
1.49432E+12,954.3913574,903d185fccf839df
1.49432E+12,954.4067383,903d185fccf839df
1.49432E+12,954.4226074,903d185fccf839df
1.49432E+12,954.4370117,903d185fccf839df
1.49432E+12,954.4558105,903d185fccf839df
1.49432E+12,954.4787598,903d185fccf839df
1.49432E+12,954.4953613,903d185fccf839df
1.49432E+12,954.4929199,903d185fccf839df
1.49432E+12,954.4938965,903d185fccf839df
1.49432E+12,954.4904785,903d185fccf839df
1.49432E+12,954.4968262,903d185fccf839df
1.49432E+12,954.4953613,903d185fccf839df
1.49432E+12,954.5036621,903d185fccf839df
1.49432E+12,954.5021973,903d185fccf839df
1.49432E+12,954.4892578,903d185fccf839df
1.49432E+12,954.512207,903d185fccf839df
1.49432E+12,954.5180664,903d185fccf839df
1.49432E+12,954.5354004,903d185fccf839df
1.49432E+12,954.5407715,903d185fccf839df
1.49432E+12,954.5332031,903d185fccf839df
1.49432E+12,954.5305176,903d185fccf839df
1.49432E+12,954.5344238,903d185fccf839df
1.49432E+12,954.5371094,903d185fccf839df
1.49432E+12,954.5366211,903d185fccf839df
1.49432E+12,954.5231934,903d185fccf839df
1.49432E+12,954.5134277,903d185fccf839df
1.49432E+12,954.5144043,903d185fccf839df
1.49432E+12,954.5375977,903d185fccf839df
1.49432E+12,954.5341797,903d185fccf839df
1.49432E+12,954.5439453,903d185fccf839df
1.49432E+12,954.552002,903d185fccf839df
1.49432E+12,954.5629883,903d185fccf839df
1.49432E+12,954.5754395,903d185fccf839df
1.49432E+12,954.5778809,903d185fccf839df
1.49432E+12,954.5842285,903d185fccf839df
1.49432E+12,954.5825195,903d185fccf839df
1.49432E+12,954.5900879,903d185fccf839df
1.49432E+12,954.592041,903d185fccf839df
1.49432E+12,954.5981445,903d185fccf839df
1.49432E+12,954.6152344,903d185fccf839df
1.49432E+12,954.6240234,903d185fccf839df
1.49432E+12,954.6342773,903d185fccf839df
1.49432E+12,954.6623535,903d185fccf839df
1.49432E+12,954.6635742,903d185fccf839df
1.49432E+12,954.6662598,903d185fccf839df
1.49432E+12,954.6594238,903d185fccf839df
1.49432E+12,954.6655273,903d185fccf839df
1.49432E+12,954.6896973,903d185fccf839df
1.49432E+12,954.701416,903d185fccf839df
1.49432E+12,954.7138672,903d185fccf839df
1.49432E+12,954.7226563,903d185fccf839df
1.49432E+12,954.7443848,903d185fccf839df
1.49432E+12,954.7614746,903d185fccf839df
1.49432E+12,954.7614746,903d185fccf839df
1.49432E+12,954.755127,903d185fccf839df
1.49432E+12,954.7541504,903d185fccf839df
1.49432E+12,954.7438965,903d185fccf839df
1.49432E+12,954.7333984,903d185fccf839df
1.49432E+12,954.7365723,903d185fccf839df
1.49432E+12,954.7373047,903d185fccf839df
1.49432E+12,954.7248535,903d185fccf839df
1.49432E+12,954.723877,903d185fccf839df
1.49432E+12,954.7182617,903d185fccf839df
1.49432E+12,954.7155762,903d185fccf839df
1.49432E+12,954.7189941,903d185fccf839df
1.49432E+12,954.706543,903d185fccf839df
1.49432E+12,954.723877,903d185fccf839df
1.49432E+12,954.7282715,903d185fccf839df
1.49432E+12,954.7275391,903d185fccf839df
1.49432E+12,954.7304688,903d185fccf839df
1.49432E+12,954.7312012,903d185fccf839df
1.49432E+12,954.7282715,903d185fccf839df
1.49432E+12,954.7353516,903d185fccf839df
1.49432E+12,954.7387695,903d185fccf839df
1.49432E+12,954.782959,903d185fccf839df
1.49432E+12,954.7731934,903d185fccf839df
1.49432E+12,954.7634277,903d185fccf839df
1.49432E+12,954.7834473,903d185fccf839df
1.49432E+12,954.7763672,903d185fccf839df
1.49432E+12,954.7773438,903d185fccf839df
1.49432E+12,954.7619629,903d185fccf839df
1.49432E+12,954.7668457,903d185fccf839df
1.49432E+12,954.7770996,903d185fccf839df
1.49432E+12,954.7895508,903d185fccf839df
1.49432E+12,954.7941895,903d185fccf839df
1.49432E+12,954.8010254,903d185fccf839df
1.49432E+12,954.7946777,903d185fccf839df
1.49432E+12,954.7954102,903d185fccf839df
1.49432E+12,954.7824707,903d185fccf839df
1.49432E+12,954.7880859,903d185fccf839df
1.49432E+12,954.7883301,903d185fccf839df
1.49432E+12,954.7822266,903d185fccf839df
1.49432E+12,954.786377,903d185fccf839df
1.49432E+12,954.7890625,903d185fccf839df
1.49432E+12,954.8015137,903d185fccf839df
1.49432E+12,954.822998,903d185fccf839df
1.49432E+12,954.831543,903d185fccf839df
1.49432E+12,954.8232422,903d185fccf839df
1.49432E+12,954.8146973,903d185fccf839df
1.49432E+12,954.8061523,903d185fccf839df
1.49432E+12,954.7956543,903d185fccf839df
1.49432E+12,954.7900391,903d185fccf839df
1.49432E+12,954.7817383,903d185fccf839df
1.49432E+12,954.7614746,903d185fccf839df
1.49432E+12,954.7514648,903d185fccf839df
1.49432E+12,954.7507324,903d185fccf839df
1.49432E+12,954.7441406,903d185fccf839df
1.49432E+12,954.7331543,903d185fccf839df
1.49432E+12,954.7268066,903d185fccf839df
1.49432E+12,954.7160645,903d185fccf839df
1.49432E+12,954.7263184,903d185fccf839df
1.49432E+12,954.71875,903d185fccf839df
1.49432E+12,954.723877,903d185fccf839df
1.49432E+12,954.7231445,903d185fccf839df
1.49432E+12,954.7355957,903d185fccf839df
1.49432E+12,954.7443848,903d185fccf839df
1.49432E+12,954.7402344,903d185fccf839df
1.49432E+12,954.7397461,903d185fccf839df
1.49432E+12,954.7592773,903d185fccf839df
1.49432E+12,954.7692871,903d185fccf839df
1.49432E+12,954.7773438,903d185fccf839df
1.49432E+12,954.784668,903d185fccf839df
1.49432E+12,954.7753906,903d185fccf839df
1.49432E+12,954.7895508,903d185fccf839df
1.49432E+12,954.767334,903d185fccf839df
1.49432E+12,954.7648926,903d185fccf839df
1.49432E+12,954.7568359,903d185fccf839df
1.49432E+12,954.7453613,903d185fccf839df
1.49432E+12,954.7456055,903d185fccf839df
1.49432E+12,954.7519531,903d185fccf839df
1.49432E+12,954.7497559,903d185fccf839df
1.49432E+12,954.7597656,903d185fccf839df
1.49432E+12,954.7614746,903d185fccf839df
1.49432E+12,954.7590332,903d185fccf839df
1.49432E+12,954.751709,903d185fccf839df
1.49432E+12,954.7509766,903d185fccf839df
1.49432E+12,954.7507324,903d185fccf839df
1.49432E+12,954.7575684,903d185fccf839df
1.49432E+12,954.7441406,903d185fccf839df
1.49432E+12,954.7443848,903d185fccf839df
1.49432E+12,954.7607422,903d185fccf839df
1.49432E+12,954.7512207,903d185fccf839df
1.49432E+12,954.7492676,903d185fccf839df
1.49432E+12,954.7463379,903d185fccf839df
1.49432E+12,954.7368164,903d185fccf839df
1.49432E+12,954.7285156,903d185fccf839df
1.49432E+12,954.7163086,903d185fccf839df
1.49432E+12,954.7092285,903d185fccf839df
1.49432E+12,954.7177734,903d185fccf839df
1.49432E+12,954.7265625,903d185fccf839df
1.49432E+12,954.7202148,903d185fccf839df
1.49432E+12,954.7304688,903d185fccf839df
1.49432E+12,954.7319336,903d185fccf839df
1.49432E+12,954.7243652,903d185fccf839df
1.49432E+12,954.7441406,903d185fccf839df
1.49432E+12,954.7392578,903d185fccf839df
1.49432E+12,954.7385254,903d185fccf839df
1.49432E+12,954.7316895,903d185fccf839df
1.49432E+12,954.7416992,903d185fccf839df
1.49432E+12,954.7407227,903d185fccf839df
1.49432E+12,954.7434082,903d185fccf839df
1.49432E+12,954.7460938,903d185fccf839df
1.49432E+12,954.7382813,903d185fccf839df
1.49432E+12,954.7331543,903d185fccf839df
1.49432E+12,954.7331543,903d185fccf839df
1.49432E+12,954.7412109,903d185fccf839df
1.49432E+12,954.7421875,903d185fccf839df
1.49432E+12,954.7351074,903d185fccf839df
1.49432E+12,954.7409668,903d185fccf839df
1.49432E+12,954.7526855,903d185fccf839df
1.49432E+12,954.7709961,903d185fccf839df
1.49432E+12,954.7770996,903d185fccf839df
1.49432E+12,954.7841797,903d185fccf839df
1.49432E+12,954.7766113,903d185fccf839df
1.49432E+12,954.7675781,903d185fccf839df
1.49432E+12,954.7600098,903d185fccf839df
1.49432E+12,954.7619629,903d185fccf839df
1.49432E+12,954.7443848,903d185fccf839df
1.49432E+12,954.7302246,903d185fccf839df
1.49432E+12,954.7287598,903d185fccf839df
1.49432E+12,954.7180176,903d185fccf839df
1.49432E+12,954.7270508,903d185fccf839df
1.49432E+12,954.7270508,903d185fccf839df
1.49432E+12,954.732666,903d185fccf839df
1.49432E+12,954.7480469,903d185fccf839df
1.49432E+12,954.7480469,903d185fccf839df
1.49432E+12,954.7416992,903d185fccf839df
1.49432E+12,954.7404785,903d185fccf839df
1.49432E+12,954.736084,903d185fccf839df
1.49432E+12,954.7229004,903d185fccf839df
1.49432E+12,954.7277832,903d185fccf839df
1.49432E+12,954.722168,903d185fccf839df
1.49432E+12,954.7192383,903d185fccf839df
1.49432E+12,954.7192383,903d185fccf839df
1.49432E+12,954.7319336,903d185fccf839df
1.49432E+12,954.7385254,903d185fccf839df
1.49432E+12,954.746582,903d185fccf839df
1.49432E+12,954.7426758,903d185fccf839df
1.49432E+12,954.7487793,903d185fccf839df
1.49432E+12,954.7653809,903d185fccf839df
1.49432E+12,954.7561035,903d185fccf839df
1.49432E+12,954.7687988,903d185fccf839df
1.49432E+12,954.765625,903d185fccf839df
1.49432E+12,954.7670898,903d185fccf839df
1.49432E+12,954.7770996,903d185fccf839df
1.49432E+12,954.7727051,903d185fccf839df
1.49432E+12,954.7619629,903d185fccf839df
1.49432E+12,954.7631836,903d185fccf839df
1.49432E+12,954.7631836,903d185fccf839df
1.49432E+12,954.7556152,903d185fccf839df
1.49432E+12,954.7617188,903d185fccf839df
1.49432E+12,954.7609863,903d185fccf839df
1.49432E+12,954.7631836,903d185fccf839df
1.49432E+12,954.7663574,903d185fccf839df
1.49432E+12,954.7636719,903d185fccf839df
1.49432E+12,954.7631836,903d185fccf839df
1.49432E+12,954.7568359,903d185fccf839df
1.49432E+12,954.753418,903d185fccf839df
1.49432E+12,954.7463379,903d185fccf839df
1.49432E+12,954.7463379,903d185fccf839df
1.49432E+12,954.7468262,903d185fccf839df
1.49432E+12,954.7370605,903d185fccf839df
1.49432E+12,954.7434082,903d185fccf839df
1.49432E+12,954.7646484,903d185fccf839df
1.49432E+12,954.7661133,903d185fccf839df
1.49432E+12,954.7709961,903d185fccf839df
1.49432E+12,954.7814941,903d185fccf839df
1.49432E+12,954.7880859,903d185fccf839df
1.49432E+12,954.7973633,903d185fccf839df
1.49432E+12,954.8188477,903d185fccf839df
1.49432E+12,954.8181152,903d185fccf839df
1.49432E+12,954.8261719,903d185fccf839df
1.49432E+12,954.8278809,903d185fccf839df
1.49432E+12,954.8330078,903d185fccf839df
1.49432E+12,954.8354492,903d185fccf839df
1.49432E+12,954.8400879,903d185fccf839df
1.49432E+12,954.8198242,903d185fccf839df
