timestamp, pressure, UUID 
1.49E+12,954.4711914,903d185fccf839df
1.49E+12,954.4726563,903d185fccf839df
1.49E+12,954.4797363,903d185fccf839df
1.49E+12,954.4743652,903d185fccf839df
1.49E+12,954.4780273,903d185fccf839df
1.49E+12,954.487793,903d185fccf839df
1.49E+12,954.4926758,903d185fccf839df
1.49E+12,954.5046387,903d185fccf839df
1.49E+12,954.5070801,903d185fccf839df
1.49E+12,954.5041504,903d185fccf839df
1.49E+12,954.5070801,903d185fccf839df
1.49E+12,954.505127,903d185fccf839df
1.49E+12,954.5068359,903d185fccf839df
1.49E+12,954.5012207,903d185fccf839df
1.49E+12,954.4970703,903d185fccf839df
1.49E+12,954.5039063,903d185fccf839df
1.49E+12,954.510498,903d185fccf839df
1.49E+12,954.513916,903d185fccf839df
1.49E+12,954.5183105,903d185fccf839df
1.49E+12,954.519043,903d185fccf839df
1.49E+12,954.5268555,903d185fccf839df
1.49E+12,954.5153809,903d185fccf839df
1.49E+12,954.5166016,903d185fccf839df
1.49E+12,954.5100098,903d185fccf839df
1.49E+12,954.5026855,903d185fccf839df
1.49E+12,954.4824219,903d185fccf839df
1.49E+12,954.4885254,903d185fccf839df
1.49E+12,954.4807129,903d185fccf839df
1.49E+12,954.4902344,903d185fccf839df
1.49E+12,954.4863281,903d185fccf839df
1.49E+12,954.4870605,903d185fccf839df
1.49E+12,954.4868164,903d185fccf839df
1.49E+12,954.4936523,903d185fccf839df
1.49E+12,954.4936523,903d185fccf839df
1.49E+12,954.5014648,903d185fccf839df
1.49E+12,954.4938965,903d185fccf839df
1.49E+12,954.4978027,903d185fccf839df
1.49E+12,954.5004883,903d185fccf839df
1.49E+12,954.4953613,903d185fccf839df
1.49E+12,954.4975586,903d185fccf839df
1.49E+12,954.5002441,903d185fccf839df
1.49E+12,954.4951172,903d185fccf839df
1.49E+12,954.4904785,903d185fccf839df
1.49E+12,954.4899902,903d185fccf839df
1.49E+12,954.4821777,903d185fccf839df
1.49E+12,954.4875488,903d185fccf839df
1.49E+12,954.5,903d185fccf839df
1.49E+12,954.4931641,903d185fccf839df
1.49E+12,954.4970703,903d185fccf839df
1.49E+12,954.4978027,903d185fccf839df
1.49E+12,954.505127,903d185fccf839df
1.49E+12,954.5043945,903d185fccf839df
1.49E+12,954.4990234,903d185fccf839df
1.49E+12,954.4846191,903d185fccf839df
1.49E+12,954.4882813,903d185fccf839df
1.49E+12,954.4868164,903d185fccf839df
1.49E+12,954.4885254,903d185fccf839df
1.49E+12,954.4924316,903d185fccf839df
1.49E+12,954.4951172,903d185fccf839df
1.49E+12,954.5004883,903d185fccf839df
1.49E+12,954.5058594,903d185fccf839df
1.49E+12,954.5197754,903d185fccf839df
1.49E+12,954.5036621,903d185fccf839df
1.49E+12,954.5039063,903d185fccf839df
1.49E+12,954.5224609,903d185fccf839df
1.49E+12,954.5195313,903d185fccf839df
1.49E+12,954.505127,903d185fccf839df
1.49E+12,954.510498,903d185fccf839df
1.49E+12,954.4916992,903d185fccf839df
1.49E+12,954.501709,903d185fccf839df
1.49E+12,954.4978027,903d185fccf839df
1.49E+12,954.4912109,903d185fccf839df
1.49E+12,954.487793,903d185fccf839df
1.49E+12,954.4831543,903d185fccf839df
1.49E+12,954.4851074,903d185fccf839df
1.49E+12,954.4829102,903d185fccf839df
1.49E+12,954.4799805,903d185fccf839df
1.49E+12,954.4899902,903d185fccf839df
1.49E+12,954.4990234,903d185fccf839df
1.49E+12,954.4975586,903d185fccf839df
1.49E+12,954.484375,903d185fccf839df
1.49E+12,954.482666,903d185fccf839df
1.49E+12,954.4833984,903d185fccf839df
1.49E+12,954.4741211,903d185fccf839df
1.49E+12,954.4743652,903d185fccf839df
1.49E+12,954.4726563,903d185fccf839df
1.49E+12,954.467041,903d185fccf839df
1.49E+12,954.479248,903d185fccf839df
1.49E+12,954.4909668,903d185fccf839df
1.49E+12,954.4926758,903d185fccf839df
1.49E+12,954.496582,903d185fccf839df
1.49E+12,954.5004883,903d185fccf839df
1.49E+12,954.5061035,903d185fccf839df
1.49E+12,954.5068359,903d185fccf839df
1.49E+12,954.4934082,903d185fccf839df
1.49E+12,954.4865723,903d185fccf839df
1.49E+12,954.4707031,903d185fccf839df
1.49E+12,954.4770508,903d185fccf839df
1.49E+12,954.4741211,903d185fccf839df
1.49E+12,954.4604492,903d185fccf839df
1.49E+12,954.4560547,903d185fccf839df
1.49E+12,954.4406738,903d185fccf839df
1.49E+12,954.4313965,903d185fccf839df
1.49E+12,954.4228516,903d185fccf839df
1.49E+12,954.4152832,903d185fccf839df
1.49E+12,954.3952637,903d185fccf839df
1.49E+12,954.3845215,903d185fccf839df
1.49E+12,954.3642578,903d185fccf839df
1.49E+12,954.3728027,903d185fccf839df
1.49E+12,954.355957,903d185fccf839df
1.49E+12,954.3481445,903d185fccf839df
1.49E+12,954.3359375,903d185fccf839df
1.49E+12,954.3269043,903d185fccf839df
1.49E+12,954.326416,903d185fccf839df
1.49E+12,954.3125,903d185fccf839df
1.49E+12,954.3076172,903d185fccf839df
1.49E+12,954.3027344,903d185fccf839df
1.49E+12,954.3034668,903d185fccf839df
1.49E+12,954.3081055,903d185fccf839df
1.49E+12,954.2961426,903d185fccf839df
1.49E+12,954.2897949,903d185fccf839df
1.49E+12,954.2790527,903d185fccf839df
1.49E+12,954.2709961,903d185fccf839df
1.49E+12,954.2666016,903d185fccf839df
1.49E+12,954.2526855,903d185fccf839df
1.49E+12,954.2336426,903d185fccf839df
1.49E+12,954.2255859,903d185fccf839df
1.49E+12,954.2141113,903d185fccf839df
1.49E+12,954.2094727,903d185fccf839df
1.49E+12,954.2050781,903d185fccf839df
1.49E+12,954.2121582,903d185fccf839df
1.49E+12,954.2089844,903d185fccf839df
1.49E+12,954.2092285,903d185fccf839df
1.49E+12,954.2067871,903d185fccf839df
1.49E+12,954.1948242,903d185fccf839df
1.49E+12,954.1899414,903d185fccf839df
1.49E+12,954.1860352,903d185fccf839df
1.49E+12,954.1711426,903d185fccf839df
1.49E+12,954.1601563,903d185fccf839df
1.49E+12,954.1547852,903d185fccf839df
1.49E+12,954.1621094,903d185fccf839df
1.49E+12,954.1672363,903d185fccf839df
1.49E+12,954.1586914,903d185fccf839df
1.49E+12,954.1625977,903d185fccf839df
1.49E+12,954.1708984,903d185fccf839df
1.49E+12,954.1618652,903d185fccf839df
1.49E+12,954.1650391,903d185fccf839df
1.49E+12,954.1643066,903d185fccf839df
1.49E+12,954.1560059,903d185fccf839df
1.49E+12,954.1606445,903d185fccf839df
1.49E+12,954.1499023,903d185fccf839df
1.49E+12,954.1413574,903d185fccf839df
1.49E+12,954.1491699,903d185fccf839df
1.49E+12,954.1481934,903d185fccf839df
1.49E+12,954.1374512,903d185fccf839df
1.49E+12,954.125,903d185fccf839df
1.49E+12,954.1176758,903d185fccf839df
1.49E+12,954.1062012,903d185fccf839df
1.49E+12,954.1135254,903d185fccf839df
1.49E+12,954.1018066,903d185fccf839df
1.49E+12,954.0996094,903d185fccf839df
1.49E+12,954.097168,903d185fccf839df
1.49E+12,954.0966797,903d185fccf839df
1.49E+12,954.1115723,903d185fccf839df
1.49E+12,954.107666,903d185fccf839df
1.49E+12,954.0947266,903d185fccf839df
1.49E+12,954.0927734,903d185fccf839df
1.49E+12,954.0949707,903d185fccf839df
1.49E+12,954.0883789,903d185fccf839df
1.49E+12,954.0944824,903d185fccf839df
1.49E+12,954.0905762,903d185fccf839df
1.49E+12,954.0925293,903d185fccf839df
1.49E+12,954.0996094,903d185fccf839df
1.49E+12,954.1013184,903d185fccf839df
1.49E+12,954.1123047,903d185fccf839df
1.49E+12,954.0959473,903d185fccf839df
1.49E+12,954.1057129,903d185fccf839df
1.49E+12,954.1066895,903d185fccf839df
1.49E+12,954.1064453,903d185fccf839df
1.49E+12,954.1010742,903d185fccf839df
1.49E+12,954.1062012,903d185fccf839df
1.49E+12,954.0942383,903d185fccf839df
1.49E+12,954.1052246,903d185fccf839df
1.49E+12,954.1123047,903d185fccf839df
1.49E+12,954.1047363,903d185fccf839df
1.49E+12,954.104248,903d185fccf839df
1.49E+12,954.0979004,903d185fccf839df
1.49E+12,954.0942383,903d185fccf839df
1.49E+12,954.0942383,903d185fccf839df
1.49E+12,954.0854492,903d185fccf839df
1.49E+12,954.078125,903d185fccf839df
1.49E+12,954.076416,903d185fccf839df
1.49E+12,954.0834961,903d185fccf839df
1.49E+12,954.0778809,903d185fccf839df
1.49E+12,954.0927734,903d185fccf839df
1.49E+12,954.0893555,903d185fccf839df
1.49E+12,954.088623,903d185fccf839df
1.49E+12,954.0803223,903d185fccf839df
1.49E+12,954.0844727,903d185fccf839df
1.49E+12,954.0883789,903d185fccf839df
1.49E+12,954.0930176,903d185fccf839df
1.49E+12,954.081543,903d185fccf839df
1.49E+12,954.0742188,903d185fccf839df
1.49E+12,954.083252,903d185fccf839df
1.49E+12,954.0820313,903d185fccf839df
1.49E+12,954.0830078,903d185fccf839df
1.49E+12,954.0866699,903d185fccf839df
1.49E+12,954.0864258,903d185fccf839df
1.49E+12,954.0854492,903d185fccf839df
1.49E+12,954.0895996,903d185fccf839df
1.49E+12,954.0773926,903d185fccf839df
1.49E+12,954.076416,903d185fccf839df
1.49E+12,954.0803223,903d185fccf839df
1.49E+12,954.0861816,903d185fccf839df
1.49E+12,954.0844727,903d185fccf839df
1.49E+12,954.0854492,903d185fccf839df
1.49E+12,954.0854492,903d185fccf839df
1.49E+12,954.0996094,903d185fccf839df
1.49E+12,954.0964355,903d185fccf839df
1.49E+12,954.1079102,903d185fccf839df
1.49E+12,954.1062012,903d185fccf839df
1.49E+12,954.1098633,903d185fccf839df
1.49E+12,954.1108398,903d185fccf839df
1.49E+12,954.1105957,903d185fccf839df
1.49E+12,954.1088867,903d185fccf839df
1.49E+12,954.1162109,903d185fccf839df
1.49E+12,954.1323242,903d185fccf839df
1.49E+12,954.1276855,903d185fccf839df
1.49E+12,954.1242676,903d185fccf839df
1.49E+12,954.135498,903d185fccf839df
1.49E+12,954.1411133,903d185fccf839df
1.49E+12,954.1437988,903d185fccf839df
1.49E+12,954.1425781,903d185fccf839df
1.49E+12,954.1359863,903d185fccf839df
1.49E+12,954.1213379,903d185fccf839df
1.49E+12,954.1289063,903d185fccf839df
1.49E+12,954.1218262,903d185fccf839df
1.49E+12,954.1169434,903d185fccf839df
1.49E+12,954.1191406,903d185fccf839df
1.49E+12,954.1091309,903d185fccf839df
1.49E+12,954.1176758,903d185fccf839df
1.49E+12,954.1306152,903d185fccf839df
1.49E+12,954.1306152,903d185fccf839df
1.49E+12,954.1379395,903d185fccf839df
1.49E+12,954.1391602,903d185fccf839df
1.49E+12,954.1347656,903d185fccf839df
1.49E+12,954.1391602,903d185fccf839df
1.49E+12,954.1271973,903d185fccf839df
1.49E+12,954.1154785,903d185fccf839df
1.49E+12,954.1171875,903d185fccf839df
1.49E+12,954.1140137,903d185fccf839df
1.49E+12,954.1184082,903d185fccf839df
1.49E+12,954.1174316,903d185fccf839df
1.49E+12,954.1064453,903d185fccf839df
1.49E+12,954.1115723,903d185fccf839df
1.49E+12,954.1130371,903d185fccf839df
1.49E+12,954.1137695,903d185fccf839df
1.49E+12,954.1000977,903d185fccf839df
1.49E+12,954.1022949,903d185fccf839df
1.49E+12,954.0983887,903d185fccf839df
1.49E+12,954.0922852,903d185fccf839df
1.49E+12,954.0964355,903d185fccf839df
1.49E+12,954.0908203,903d185fccf839df
1.49E+12,954.1044922,903d185fccf839df
1.49E+12,954.1081543,903d185fccf839df
1.49E+12,954.1008301,903d185fccf839df
1.49E+12,954.1105957,903d185fccf839df
1.49E+12,954.123291,903d185fccf839df
1.49E+12,954.1176758,903d185fccf839df
1.49E+12,954.1137695,903d185fccf839df
1.49E+12,954.1066895,903d185fccf839df
1.49E+12,954.104248,903d185fccf839df
1.49E+12,954.1091309,903d185fccf839df
1.49E+12,954.1027832,903d185fccf839df
1.49E+12,954.0849609,903d185fccf839df
1.49E+12,954.0898438,903d185fccf839df
1.49E+12,954.0991211,903d185fccf839df
1.49E+12,954.1069336,903d185fccf839df
1.49E+12,954.1049805,903d185fccf839df
1.49E+12,954.0976563,903d185fccf839df
1.49E+12,954.1064453,903d185fccf839df
1.49E+12,954.1044922,903d185fccf839df
1.49E+12,954.109375,903d185fccf839df
1.49E+12,954.0791016,903d185fccf839df
1.49E+12,954.0664063,903d185fccf839df
1.49E+12,954.0549316,903d185fccf839df
1.49E+12,954.0534668,903d185fccf839df
1.49E+12,954.0463867,903d185fccf839df
1.49E+12,954.0412598,903d185fccf839df
1.49E+12,954.0400391,903d185fccf839df
1.49E+12,954.0615234,903d185fccf839df
1.49E+12,954.1020508,903d185fccf839df
1.49E+12,954.1193848,903d185fccf839df
1.49E+12,954.1306152,903d185fccf839df
1.49E+12,954.1484375,903d185fccf839df
1.49E+12,954.1604004,903d185fccf839df
1.49E+12,954.173584,903d185fccf839df
1.49E+12,954.1745605,903d185fccf839df
1.49E+12,954.1787109,903d185fccf839df
1.49E+12,954.1721191,903d185fccf839df
1.49E+12,954.1691895,903d185fccf839df
1.49E+12,954.1633301,903d185fccf839df
1.49E+12,954.1704102,903d185fccf839df
1.49E+12,954.1760254,903d185fccf839df
1.49E+12,954.1755371,903d185fccf839df
1.49E+12,954.1669922,903d185fccf839df
1.49E+12,954.1533203,903d185fccf839df
1.49E+12,954.144043,903d185fccf839df
1.49E+12,954.1342773,903d185fccf839df
1.49E+12,954.130127,903d185fccf839df
1.49E+12,954.119873,903d185fccf839df
1.49E+12,954.1103516,903d185fccf839df
1.49E+12,954.1091309,903d185fccf839df
1.49E+12,954.0957031,903d185fccf839df
1.49E+12,954.1074219,903d185fccf839df
1.49E+12,954.0993652,903d185fccf839df
1.49E+12,954.1032715,903d185fccf839df
1.49E+12,954.1032715,903d185fccf839df
1.49E+12,954.1035156,903d185fccf839df
1.49E+12,954.0979004,903d185fccf839df
1.49E+12,954.0976563,903d185fccf839df
1.49E+12,954.0822754,903d185fccf839df
1.49E+12,954.0976563,903d185fccf839df
1.49E+12,954.0944824,903d185fccf839df
1.49E+12,954.0837402,903d185fccf839df
1.49E+12,954.0930176,903d185fccf839df
1.49E+12,954.09375,903d185fccf839df
1.49E+12,954.0773926,903d185fccf839df
1.49E+12,954.088623,903d185fccf839df
1.49E+12,954.0678711,903d185fccf839df
1.49E+12,954.0505371,903d185fccf839df
1.49E+12,954.0571289,903d185fccf839df
1.49E+12,954.0410156,903d185fccf839df
1.49E+12,954.0273438,903d185fccf839df
1.49E+12,954.0273438,903d185fccf839df
1.49E+12,954.0205078,903d185fccf839df
1.49E+12,954.0085449,903d185fccf839df
1.49E+12,954.0100098,903d185fccf839df
1.49E+12,953.9946289,903d185fccf839df
1.49E+12,953.9880371,903d185fccf839df
1.49E+12,953.9831543,903d185fccf839df
1.49E+12,953.9765625,903d185fccf839df
1.49E+12,953.9863281,903d185fccf839df
1.49E+12,953.9772949,903d185fccf839df
1.49E+12,953.9763184,903d185fccf839df
1.49E+12,953.9807129,903d185fccf839df
1.49E+12,953.9741211,903d185fccf839df
1.49E+12,953.9675293,903d185fccf839df
1.49E+12,953.9594727,903d185fccf839df
1.49E+12,953.9443359,903d185fccf839df
1.49E+12,953.9348145,903d185fccf839df
1.49E+12,953.9335938,903d185fccf839df
1.49E+12,953.9208984,903d185fccf839df
1.49E+12,953.9204102,903d185fccf839df
1.49E+12,953.9099121,903d185fccf839df
1.49E+12,953.9091797,903d185fccf839df
1.49E+12,953.9133301,903d185fccf839df
1.49E+12,953.9094238,903d185fccf839df
1.49E+12,953.9067383,903d185fccf839df
1.49E+12,953.8945313,903d185fccf839df
1.49E+12,953.8830566,903d185fccf839df
1.49E+12,953.8569336,903d185fccf839df
1.49E+12,953.8415527,903d185fccf839df
1.49E+12,953.8308105,903d185fccf839df
1.49E+12,953.8325195,903d185fccf839df
1.49E+12,953.824707,903d185fccf839df
1.49E+12,953.8242188,903d185fccf839df
1.49E+12,953.8205566,903d185fccf839df
1.49E+12,953.8146973,903d185fccf839df
1.49E+12,953.8225098,903d185fccf839df
1.49E+12,953.8178711,903d185fccf839df
1.49E+12,953.8125,903d185fccf839df
1.49E+12,953.796875,903d185fccf839df
1.49E+12,953.798584,903d185fccf839df
1.49E+12,953.7946777,903d185fccf839df
1.49E+12,953.7980957,903d185fccf839df
1.49E+12,953.8012695,903d185fccf839df
1.49E+12,953.8007813,903d185fccf839df
1.49E+12,953.8039551,903d185fccf839df
1.49E+12,953.7949219,903d185fccf839df
1.49E+12,953.7978516,903d185fccf839df
1.49E+12,953.8054199,903d185fccf839df
1.49E+12,953.8027344,903d185fccf839df
1.49E+12,953.8071289,903d185fccf839df
1.49E+12,953.8120117,903d185fccf839df
1.49E+12,953.800293,903d185fccf839df
1.49E+12,953.8000488,903d185fccf839df
1.49E+12,953.8029785,903d185fccf839df
1.49E+12,953.8066406,903d185fccf839df
1.49E+12,953.8156738,903d185fccf839df
1.49E+12,953.8198242,903d185fccf839df
1.49E+12,953.8239746,903d185fccf839df
1.49E+12,953.8308105,903d185fccf839df
1.49E+12,953.8415527,903d185fccf839df
1.49E+12,953.8410645,903d185fccf839df
1.49E+12,953.833252,903d185fccf839df
1.49E+12,953.8352051,903d185fccf839df
1.49E+12,953.828125,903d185fccf839df
1.49E+12,953.8144531,903d185fccf839df
1.49E+12,953.8098145,903d185fccf839df
1.49E+12,953.7993164,903d185fccf839df
1.49E+12,953.8037109,903d185fccf839df
1.49E+12,953.7995605,903d185fccf839df
1.49E+12,953.7939453,903d185fccf839df
1.49E+12,953.7905273,903d185fccf839df
1.49E+12,953.8037109,903d185fccf839df
1.49E+12,953.807373,903d185fccf839df
1.49E+12,953.802002,903d185fccf839df
1.49E+12,953.7980957,903d185fccf839df
1.49E+12,953.8071289,903d185fccf839df
1.49E+12,953.8063965,903d185fccf839df
1.49E+12,953.8012695,903d185fccf839df
1.49E+12,953.7946777,903d185fccf839df
1.49E+12,953.7824707,903d185fccf839df
1.49E+12,953.7753906,903d185fccf839df
1.49E+12,953.7770996,903d185fccf839df
1.49E+12,953.7783203,903d185fccf839df
1.49E+12,953.7814941,903d185fccf839df
1.49E+12,953.7966309,903d185fccf839df
1.49E+12,953.809082,903d185fccf839df
1.49E+12,953.810791,903d185fccf839df
1.49E+12,953.8212891,903d185fccf839df
1.49E+12,953.8261719,903d185fccf839df
1.49E+12,953.8337402,903d185fccf839df
1.49E+12,953.8288574,903d185fccf839df
1.49E+12,953.8249512,903d185fccf839df
1.49E+12,953.828125,903d185fccf839df
1.49E+12,953.8308105,903d185fccf839df
1.49E+12,953.8244629,903d185fccf839df
1.49E+12,953.8076172,903d185fccf839df
1.49E+12,953.8037109,903d185fccf839df
1.49E+12,953.7963867,903d185fccf839df
1.49E+12,953.786377,903d185fccf839df
1.49E+12,953.7773438,903d185fccf839df
1.49E+12,953.7739258,903d185fccf839df
1.49E+12,953.7839355,903d185fccf839df
1.49E+12,953.7834473,903d185fccf839df
1.49E+12,953.7851563,903d185fccf839df
1.49E+12,953.795166,903d185fccf839df
1.49E+12,953.8144531,903d185fccf839df
1.49E+12,953.8361816,903d185fccf839df
1.49E+12,953.828125,903d185fccf839df
1.49E+12,953.8261719,903d185fccf839df
1.49E+12,953.8352051,903d185fccf839df
1.49E+12,953.8393555,903d185fccf839df
1.49E+12,953.8347168,903d185fccf839df
1.49E+12,953.8347168,903d185fccf839df
1.49E+12,953.8242188,903d185fccf839df
1.49E+12,953.8164063,903d185fccf839df
1.49E+12,953.8212891,903d185fccf839df
1.49E+12,953.8234863,903d185fccf839df
1.49E+12,953.8208008,903d185fccf839df
1.49E+12,953.8254395,903d185fccf839df
1.49E+12,953.8225098,903d185fccf839df
1.49E+12,953.826416,903d185fccf839df
1.49E+12,953.8371582,903d185fccf839df
1.49E+12,953.8352051,903d185fccf839df
1.49E+12,953.8354492,903d185fccf839df
1.49E+12,953.8242188,903d185fccf839df
1.49E+12,953.8198242,903d185fccf839df
1.49E+12,953.8215332,903d185fccf839df
1.49E+12,953.8078613,903d185fccf839df
1.49E+12,953.796875,903d185fccf839df
1.49E+12,953.7978516,903d185fccf839df
1.49E+12,953.7976074,903d185fccf839df
1.49E+12,953.7944336,903d185fccf839df
1.49E+12,953.8168945,903d185fccf839df
1.49E+12,953.8117676,903d185fccf839df
1.49E+12,953.8137207,903d185fccf839df
1.49E+12,953.8010254,903d185fccf839df
1.49E+12,953.7963867,903d185fccf839df
1.49E+12,953.7927246,903d185fccf839df
1.49E+12,953.7929688,903d185fccf839df
1.49E+12,953.7907715,903d185fccf839df
1.49E+12,953.7949219,903d185fccf839df
1.49E+12,953.8049316,903d185fccf839df
1.49E+12,953.8027344,903d185fccf839df
1.49E+12,953.8227539,903d185fccf839df
1.49E+12,953.8188477,903d185fccf839df
1.49E+12,953.8166504,903d185fccf839df
1.49E+12,953.8222656,903d185fccf839df
1.49E+12,953.8149414,903d185fccf839df
1.49E+12,953.8046875,903d185fccf839df
1.49E+12,953.8081055,903d185fccf839df
1.49E+12,953.7973633,903d185fccf839df
1.49E+12,953.7932129,903d185fccf839df
1.49E+12,953.7988281,903d185fccf839df
1.49E+12,953.793457,903d185fccf839df
1.49E+12,953.7922363,903d185fccf839df
1.49E+12,953.7861328,903d185fccf839df
1.49E+12,953.7924805,903d185fccf839df
1.49E+12,953.786377,903d185fccf839df
1.49E+12,953.7875977,903d185fccf839df
1.49E+12,953.7824707,903d185fccf839df
1.49E+12,953.7851563,903d185fccf839df
1.49E+12,953.7929688,903d185fccf839df
1.49E+12,953.7998047,903d185fccf839df
1.49E+12,953.7905273,903d185fccf839df
1.49E+12,953.7844238,903d185fccf839df
1.49E+12,953.782959,903d185fccf839df
1.49E+12,953.7854004,903d185fccf839df
1.49E+12,953.7854004,903d185fccf839df
1.49E+12,953.7717285,903d185fccf839df
1.49E+12,953.7756348,903d185fccf839df
1.49E+12,953.7658691,903d185fccf839df
1.49E+12,953.7827148,903d185fccf839df
1.49E+12,953.7883301,903d185fccf839df
1.49E+12,953.7834473,903d185fccf839df
1.49E+12,953.796875,903d185fccf839df
1.49E+12,953.7973633,903d185fccf839df
1.49E+12,953.7980957,903d185fccf839df
1.49E+12,953.7871094,903d185fccf839df
1.49E+12,953.7890625,903d185fccf839df
1.49E+12,953.7915039,903d185fccf839df
1.49E+12,953.7861328,903d185fccf839df
1.49E+12,953.7868652,903d185fccf839df
1.49E+12,953.7871094,903d185fccf839df
1.49E+12,953.769043,903d185fccf839df
1.49E+12,953.7644043,903d185fccf839df
1.49E+12,953.7612305,903d185fccf839df
1.49E+12,953.7597656,903d185fccf839df
1.49E+12,953.760498,903d185fccf839df
1.49E+12,953.7695313,903d185fccf839df
1.49E+12,953.7756348,903d185fccf839df
1.49E+12,953.7868652,903d185fccf839df
1.49E+12,953.8117676,903d185fccf839df
1.49E+12,953.8146973,903d185fccf839df
1.49E+12,953.8244629,903d185fccf839df
1.49E+12,953.8232422,903d185fccf839df
1.49E+12,953.8125,903d185fccf839df
1.49E+12,953.8005371,903d185fccf839df
1.49E+12,953.8005371,903d185fccf839df
1.49E+12,953.8149414,903d185fccf839df
1.49E+12,953.8161621,903d185fccf839df
1.49E+12,953.8093262,903d185fccf839df
1.49E+12,953.8210449,903d185fccf839df
1.49E+12,953.8156738,903d185fccf839df
1.49E+12,953.8222656,903d185fccf839df
1.49E+12,953.8317871,903d185fccf839df
1.49E+12,953.8217773,903d185fccf839df
1.49E+12,953.8220215,903d185fccf839df
1.49E+12,953.8137207,903d185fccf839df
1.49E+12,953.7988281,903d185fccf839df
1.49E+12,953.7900391,903d185fccf839df
1.49E+12,953.7861328,903d185fccf839df
1.49E+12,953.7905273,903d185fccf839df
1.49E+12,953.7858887,903d185fccf839df
1.49E+12,953.7822266,903d185fccf839df
1.49E+12,953.7788086,903d185fccf839df
1.49E+12,953.7729492,903d185fccf839df
1.49E+12,953.7709961,903d185fccf839df
1.49E+12,953.7612305,903d185fccf839df
1.49E+12,953.7507324,903d185fccf839df
1.49E+12,953.7277832,903d185fccf839df
1.49E+12,953.7062988,903d185fccf839df
1.49E+12,953.7087402,903d185fccf839df
1.49E+12,953.703125,903d185fccf839df
1.49E+12,953.6879883,903d185fccf839df
1.49E+12,953.6884766,903d185fccf839df
1.49E+12,953.6921387,903d185fccf839df
1.49E+12,953.6855469,903d185fccf839df
1.49E+12,953.6767578,903d185fccf839df
1.49E+12,953.6665039,903d185fccf839df
1.49E+12,953.6306152,903d185fccf839df
1.49E+12,953.625,903d185fccf839df
1.49E+12,953.6162109,903d185fccf839df
1.49E+12,953.5932617,903d185fccf839df
1.49E+12,953.5930176,903d185fccf839df
1.49E+12,953.6008301,903d185fccf839df
1.49E+12,953.5959473,903d185fccf839df
1.49E+12,953.607666,903d185fccf839df
1.49E+12,953.6096191,903d185fccf839df
1.49E+12,953.6035156,903d185fccf839df
1.49E+12,953.604248,903d185fccf839df
1.49E+12,953.5932617,903d185fccf839df
1.49E+12,953.5678711,903d185fccf839df
1.49E+12,953.5617676,903d185fccf839df
1.49E+12,953.5410156,903d185fccf839df
1.49E+12,953.5388184,903d185fccf839df
1.49E+12,953.5437012,903d185fccf839df
1.49E+12,953.5344238,903d185fccf839df
1.49E+12,953.5192871,903d185fccf839df
1.49E+12,953.5119629,903d185fccf839df
1.49E+12,953.5041504,903d185fccf839df
1.49E+12,953.501709,903d185fccf839df
1.49E+12,953.501709,903d185fccf839df
1.49E+12,953.4899902,903d185fccf839df
1.49E+12,953.4812012,903d185fccf839df
1.49E+12,953.4887695,903d185fccf839df
1.49E+12,953.4909668,903d185fccf839df
1.49E+12,953.4946289,903d185fccf839df
1.49E+12,953.4904785,903d185fccf839df
1.49E+12,953.4899902,903d185fccf839df
1.49E+12,953.4909668,903d185fccf839df
1.49E+12,953.4997559,903d185fccf839df
1.49E+12,953.5036621,903d185fccf839df
1.49E+12,953.5126953,903d185fccf839df
1.49E+12,953.5097656,903d185fccf839df
1.49E+12,953.5117188,903d185fccf839df
1.49E+12,953.4873047,903d185fccf839df
1.49E+12,953.4890137,903d185fccf839df
1.49E+12,953.4885254,903d185fccf839df
1.49E+12,953.4760742,903d185fccf839df
1.49E+12,953.4724121,903d185fccf839df
1.49E+12,953.472168,903d185fccf839df
1.49E+12,953.4719238,903d185fccf839df
1.49E+12,953.4941406,903d185fccf839df
1.49E+12,953.4907227,903d185fccf839df
1.49E+12,953.496582,903d185fccf839df
1.49E+12,953.5046387,903d185fccf839df
1.49E+12,953.5163574,903d185fccf839df
1.49E+12,953.5129395,903d185fccf839df
1.49E+12,953.5231934,903d185fccf839df
1.49E+12,953.5148926,903d185fccf839df
1.49E+12,953.5187988,903d185fccf839df
1.49E+12,953.5373535,903d185fccf839df
1.49E+12,953.5361328,903d185fccf839df
1.49E+12,953.5427246,903d185fccf839df
1.49E+12,953.5456543,903d185fccf839df
1.49E+12,953.5390625,903d185fccf839df
1.49E+12,953.5310059,903d185fccf839df
1.49E+12,953.5300293,903d185fccf839df
1.49E+12,953.5124512,903d185fccf839df
1.49E+12,953.5136719,903d185fccf839df
1.49E+12,953.5166016,903d185fccf839df
1.49E+12,953.5063477,903d185fccf839df
1.49E+12,953.5078125,903d185fccf839df
1.49E+12,953.5036621,903d185fccf839df
1.49E+12,953.512207,903d185fccf839df
1.49E+12,953.517334,903d185fccf839df
1.49E+12,953.5124512,903d185fccf839df
1.49E+12,953.5100098,903d185fccf839df
1.49E+12,953.5205078,903d185fccf839df
1.49E+12,953.5224609,903d185fccf839df
1.49E+12,953.5153809,903d185fccf839df
1.49E+12,953.5200195,903d185fccf839df
1.49E+12,953.5141602,903d185fccf839df
1.49E+12,953.5183105,903d185fccf839df
1.49E+12,953.5224609,903d185fccf839df
1.49E+12,953.5317383,903d185fccf839df
1.49E+12,953.5595703,903d185fccf839df
1.49E+12,953.5759277,903d185fccf839df
1.49E+12,953.5698242,903d185fccf839df
1.49E+12,953.5715332,903d185fccf839df
1.49E+12,953.5585938,903d185fccf839df
1.49E+12,953.5581055,903d185fccf839df
1.49E+12,953.5505371,903d185fccf839df
1.49E+12,953.5263672,903d185fccf839df
1.49E+12,953.4963379,903d185fccf839df
1.49E+12,953.498291,903d185fccf839df
1.49E+12,953.4919434,903d185fccf839df
1.49E+12,953.4897461,903d185fccf839df
1.49E+12,953.4938965,903d185fccf839df
1.49E+12,953.4831543,903d185fccf839df
1.49E+12,953.4890137,903d185fccf839df
1.49E+12,953.4804688,903d185fccf839df
1.49E+12,953.4770508,903d185fccf839df
1.49E+12,953.4770508,903d185fccf839df
1.49E+12,953.4831543,903d185fccf839df
1.49E+12,953.4816895,903d185fccf839df
1.49E+12,953.4870605,903d185fccf839df
1.49E+12,953.4851074,903d185fccf839df
1.49E+12,953.4865723,903d185fccf839df
1.49E+12,953.4890137,903d185fccf839df
1.49E+12,953.487793,903d185fccf839df
1.49E+12,953.4941406,903d185fccf839df
1.49E+12,953.487793,903d185fccf839df
1.49E+12,953.4724121,903d185fccf839df
1.49E+12,953.4870605,903d185fccf839df
1.49E+12,953.4926758,903d185fccf839df
1.49E+12,953.5031738,903d185fccf839df
1.49E+12,953.513916,903d185fccf839df
1.49E+12,953.5175781,903d185fccf839df
1.49E+12,953.5349121,903d185fccf839df
1.49E+12,953.5351563,903d185fccf839df
1.49E+12,953.5300293,903d185fccf839df
1.49E+12,953.5354004,903d185fccf839df
1.49E+12,953.5305176,903d185fccf839df
1.49E+12,953.517334,903d185fccf839df
1.49E+12,953.505127,903d185fccf839df
1.49E+12,953.4997559,903d185fccf839df
1.49E+12,953.4985352,903d185fccf839df
1.49E+12,953.4882813,903d185fccf839df
1.49E+12,953.4736328,903d185fccf839df
1.49E+12,953.4611816,903d185fccf839df
1.49E+12,953.4499512,903d185fccf839df
1.49E+12,953.4558105,903d185fccf839df
1.49E+12,953.4702148,903d185fccf839df
1.49E+12,953.454834,903d185fccf839df
1.49E+12,953.4558105,903d185fccf839df
1.49E+12,953.4665527,903d185fccf839df
1.49E+12,953.4567871,903d185fccf839df
1.49E+12,953.4753418,903d185fccf839df
1.49E+12,953.4770508,903d185fccf839df
1.49E+12,953.4697266,903d185fccf839df
1.49E+12,953.4729004,903d185fccf839df
1.49E+12,953.4804688,903d185fccf839df
1.49E+12,953.4797363,903d185fccf839df
1.49E+12,953.4904785,903d185fccf839df
1.49E+12,953.5031738,903d185fccf839df
1.49E+12,953.4899902,903d185fccf839df
1.49E+12,953.4853516,903d185fccf839df
1.49E+12,953.4821777,903d185fccf839df
1.49E+12,953.4802246,903d185fccf839df
1.49E+12,953.4902344,903d185fccf839df
1.49E+12,953.4919434,903d185fccf839df
1.49E+12,953.4702148,903d185fccf839df
1.49E+12,953.4694824,903d185fccf839df
1.49E+12,953.4863281,903d185fccf839df
1.49E+12,953.4846191,903d185fccf839df
1.49E+12,953.4938965,903d185fccf839df
1.49E+12,953.4953613,903d185fccf839df
1.49E+12,953.4816895,903d185fccf839df
1.49E+12,953.5002441,903d185fccf839df
1.49E+12,953.5026855,903d185fccf839df
1.49E+12,953.4904785,903d185fccf839df
1.49E+12,953.4963379,903d185fccf839df
1.49E+12,953.4951172,903d185fccf839df
1.49E+12,953.4838867,903d185fccf839df
1.49E+12,953.4870605,903d185fccf839df
1.49E+12,953.486084,903d185fccf839df
1.49E+12,953.4934082,903d185fccf839df
1.49E+12,953.5048828,903d185fccf839df
1.49E+12,953.4909668,903d185fccf839df
1.49E+12,953.4992676,903d185fccf839df
1.49E+12,953.5114746,903d185fccf839df
1.49E+12,953.5214844,903d185fccf839df
1.49E+12,953.4968262,903d185fccf839df
1.49E+12,953.4724121,903d185fccf839df
1.49E+12,953.4528809,903d185fccf839df
1.49E+12,953.4562988,903d185fccf839df
1.49E+12,953.4411621,903d185fccf839df
1.49E+12,953.4245605,903d185fccf839df
1.49E+12,953.425293,903d185fccf839df
1.49E+12,953.4304199,903d185fccf839df
1.49E+12,953.456543,903d185fccf839df
1.49E+12,953.4797363,903d185fccf839df
1.49E+12,953.489502,903d185fccf839df
1.49E+12,953.4863281,903d185fccf839df
1.49E+12,953.494873,903d185fccf839df
1.49E+12,953.489502,903d185fccf839df
1.49E+12,953.4765625,903d185fccf839df
1.49E+12,953.4777832,903d185fccf839df
1.49E+12,953.4680176,903d185fccf839df
1.49E+12,953.4558105,903d185fccf839df
1.49E+12,953.4592285,903d185fccf839df
1.49E+12,953.4633789,903d185fccf839df
1.49E+12,953.4758301,903d185fccf839df
1.49E+12,953.4711914,903d185fccf839df
1.49E+12,953.4680176,903d185fccf839df
1.49E+12,953.4726563,903d185fccf839df
1.49E+12,953.4626465,903d185fccf839df
1.49E+12,953.4580078,903d185fccf839df
1.49E+12,953.458252,903d185fccf839df
1.49E+12,953.4543457,903d185fccf839df
1.49E+12,953.4626465,903d185fccf839df
1.49E+12,953.4536133,903d185fccf839df
1.49E+12,953.4414063,903d185fccf839df
1.49E+12,953.4375,903d185fccf839df
1.49E+12,953.4372559,903d185fccf839df
1.49E+12,953.4309082,903d185fccf839df
1.49E+12,953.427002,903d185fccf839df
1.49E+12,953.4204102,903d185fccf839df
1.49E+12,953.4140625,903d185fccf839df
1.49E+12,953.4077148,903d185fccf839df
1.49E+12,953.4001465,903d185fccf839df
1.49E+12,953.3935547,903d185fccf839df
1.49E+12,953.3884277,903d185fccf839df
1.49E+12,953.3842773,903d185fccf839df
1.49E+12,953.3820801,903d185fccf839df
1.49E+12,953.3776855,903d185fccf839df
1.49E+12,953.3813477,903d185fccf839df
1.49E+12,953.3669434,903d185fccf839df
1.49E+12,953.3676758,903d185fccf839df
1.49E+12,953.3637695,903d185fccf839df
1.49E+12,953.3583984,903d185fccf839df
1.49E+12,953.3432617,903d185fccf839df
1.49E+12,953.3300781,903d185fccf839df
1.49E+12,953.3122559,903d185fccf839df
1.49E+12,953.3088379,903d185fccf839df
1.49E+12,953.2973633,903d185fccf839df
1.49E+12,953.2905273,903d185fccf839df
1.49E+12,953.2854004,903d185fccf839df
1.49E+12,953.2915039,903d185fccf839df
1.49E+12,953.2871094,903d185fccf839df
1.49E+12,953.2824707,903d185fccf839df
1.49E+12,953.2734375,903d185fccf839df
1.49E+12,953.2680664,903d185fccf839df
1.49E+12,953.276123,903d185fccf839df
1.49E+12,953.2763672,903d185fccf839df
1.49E+12,953.2595215,903d185fccf839df
1.49E+12,953.2587891,903d185fccf839df
1.49E+12,953.253418,903d185fccf839df
1.49E+12,953.2644043,903d185fccf839df
1.49E+12,953.2617188,903d185fccf839df
1.49E+12,953.2644043,903d185fccf839df
1.49E+12,953.2548828,903d185fccf839df
1.49E+12,953.2590332,903d185fccf839df
1.49E+12,953.2536621,903d185fccf839df
1.49E+12,953.2509766,903d185fccf839df
1.49E+12,953.253418,903d185fccf839df
1.49E+12,953.2456055,903d185fccf839df
1.49E+12,953.2519531,903d185fccf839df
1.49E+12,953.2460938,903d185fccf839df
1.49E+12,953.2460938,903d185fccf839df
1.49E+12,953.2521973,903d185fccf839df
1.49E+12,953.2631836,903d185fccf839df
1.49E+12,953.260498,903d185fccf839df
1.49E+12,953.2568359,903d185fccf839df
1.49E+12,953.2749023,903d185fccf839df
1.49E+12,953.2785645,903d185fccf839df
1.49E+12,953.2756348,903d185fccf839df
1.49E+12,953.2675781,903d185fccf839df
1.49E+12,953.2580566,903d185fccf839df
1.49E+12,953.2697754,903d185fccf839df
1.49E+12,953.2583008,903d185fccf839df
1.49E+12,953.248291,903d185fccf839df
1.49E+12,953.2436523,903d185fccf839df
1.49E+12,953.2446289,903d185fccf839df
1.49E+12,953.2443848,903d185fccf839df
1.49E+12,953.2590332,903d185fccf839df
1.49E+12,953.2426758,903d185fccf839df
1.49E+12,953.2507324,903d185fccf839df
1.49E+12,953.2568359,903d185fccf839df
1.49E+12,953.2561035,903d185fccf839df
1.49E+12,953.2600098,903d185fccf839df
1.49E+12,953.2587891,903d185fccf839df
1.49E+12,953.2539063,903d185fccf839df
1.49E+12,953.2583008,903d185fccf839df
1.49E+12,953.2629395,903d185fccf839df
1.49E+12,953.25,903d185fccf839df
1.49E+12,953.2624512,903d185fccf839df
1.49E+12,953.2541504,903d185fccf839df
1.49E+12,953.2546387,903d185fccf839df
1.49E+12,953.2587891,903d185fccf839df
1.49E+12,953.2668457,903d185fccf839df
1.49E+12,953.2661133,903d185fccf839df
1.49E+12,953.270752,903d185fccf839df
1.49E+12,953.2768555,903d185fccf839df
1.49E+12,953.2910156,903d185fccf839df
1.49E+12,953.3034668,903d185fccf839df
1.49E+12,953.2897949,903d185fccf839df
1.49E+12,953.2822266,903d185fccf839df
1.49E+12,953.2797852,903d185fccf839df
1.49E+12,953.2687988,903d185fccf839df
1.49E+12,953.276123,903d185fccf839df
1.49E+12,953.263916,903d185fccf839df
1.49E+12,953.2695313,903d185fccf839df
1.49E+12,953.2739258,903d185fccf839df
1.49E+12,953.2785645,903d185fccf839df
1.49E+12,953.307373,903d185fccf839df
1.49E+12,953.3186035,903d185fccf839df
1.49E+12,953.3066406,903d185fccf839df
1.49E+12,953.3149414,903d185fccf839df
1.49E+12,953.3046875,903d185fccf839df
1.49E+12,953.3120117,903d185fccf839df
1.49E+12,953.3039551,903d185fccf839df
1.49E+12,953.2861328,903d185fccf839df
1.49E+12,953.2719727,903d185fccf839df
1.49E+12,953.2734375,903d185fccf839df
1.49E+12,953.2680664,903d185fccf839df
1.49E+12,953.2573242,903d185fccf839df
1.49E+12,953.248291,903d185fccf839df
1.49E+12,953.2595215,903d185fccf839df
1.49E+12,953.2651367,903d185fccf839df
1.49E+12,953.2546387,903d185fccf839df
1.49E+12,953.2370605,903d185fccf839df
1.49E+12,953.2443848,903d185fccf839df
1.49E+12,953.2414551,903d185fccf839df
1.49E+12,953.2392578,903d185fccf839df
1.49E+12,953.2392578,903d185fccf839df
1.49E+12,953.2321777,903d185fccf839df
1.49E+12,953.2351074,903d185fccf839df
1.49E+12,953.2387695,903d185fccf839df
1.49E+12,953.246582,903d185fccf839df
1.49E+12,953.2302246,903d185fccf839df
1.49E+12,953.2351074,903d185fccf839df
1.49E+12,953.2338867,903d185fccf839df
1.49E+12,953.2282715,903d185fccf839df
1.49E+12,953.2297363,903d185fccf839df
1.49E+12,953.2287598,903d185fccf839df
1.49E+12,953.2216797,903d185fccf839df
1.49E+12,953.2407227,903d185fccf839df
1.49E+12,953.2531738,903d185fccf839df
1.49E+12,953.2592773,903d185fccf839df
1.49E+12,953.260498,903d185fccf839df
1.49E+12,953.2614746,903d185fccf839df
1.49E+12,953.2612305,903d185fccf839df
1.49E+12,953.2570801,903d185fccf839df
1.49E+12,953.2558594,903d185fccf839df
1.49E+12,953.244873,903d185fccf839df
1.49E+12,953.2446289,903d185fccf839df
1.49E+12,953.2480469,903d185fccf839df
1.49E+12,953.2487793,903d185fccf839df
1.49E+12,953.2458496,903d185fccf839df
1.49E+12,953.2416992,903d185fccf839df
1.49E+12,953.2456055,903d185fccf839df
1.49E+12,953.2416992,903d185fccf839df
1.49E+12,953.2436523,903d185fccf839df
1.49E+12,953.2529297,903d185fccf839df
1.49E+12,953.2531738,903d185fccf839df
1.49E+12,953.2502441,903d185fccf839df
1.49E+12,953.2583008,903d185fccf839df
1.49E+12,953.2629395,903d185fccf839df
1.49E+12,953.2631836,903d185fccf839df
1.49E+12,953.2648926,903d185fccf839df
1.49E+12,953.2668457,903d185fccf839df
1.49E+12,953.2724609,903d185fccf839df
1.49E+12,953.2727051,903d185fccf839df
1.49E+12,953.2685547,903d185fccf839df
1.49E+12,953.2805176,903d185fccf839df
1.49E+12,953.2751465,903d185fccf839df
1.49E+12,953.2719727,903d185fccf839df
1.49E+12,953.2724609,903d185fccf839df
1.49E+12,953.2663574,903d185fccf839df
1.49E+12,953.2634277,903d185fccf839df
1.49E+12,953.2585449,903d185fccf839df
1.49E+12,953.2370605,903d185fccf839df
1.49E+12,953.2473145,903d185fccf839df
1.49E+12,953.2490234,903d185fccf839df
1.49E+12,953.2387695,903d185fccf839df
1.49E+12,953.2304688,903d185fccf839df
1.49E+12,953.2250977,903d185fccf839df
1.49E+12,953.2109375,903d185fccf839df
1.49E+12,953.2236328,903d185fccf839df
1.49E+12,953.2133789,903d185fccf839df
1.49E+12,953.2050781,903d185fccf839df
1.49E+12,953.230957,903d185fccf839df
1.49E+12,953.2329102,903d185fccf839df
1.49E+12,953.234375,903d185fccf839df
1.49E+12,953.2514648,903d185fccf839df
1.49E+12,953.2487793,903d185fccf839df
1.49E+12,953.2570801,903d185fccf839df
1.49E+12,953.2753906,903d185fccf839df
1.49E+12,953.263916,903d185fccf839df
1.49E+12,953.2609863,903d185fccf839df
1.49E+12,953.2705078,903d185fccf839df
1.49E+12,953.2565918,903d185fccf839df
1.49E+12,953.2492676,903d185fccf839df
1.49E+12,953.2421875,903d185fccf839df
1.49E+12,953.239502,903d185fccf839df
1.49E+12,953.2478027,903d185fccf839df
1.49E+12,953.251709,903d185fccf839df
1.49E+12,953.2546387,903d185fccf839df
1.49E+12,953.2543945,903d185fccf839df
1.49E+12,953.2490234,903d185fccf839df
1.49E+12,953.2468262,903d185fccf839df
1.49E+12,953.2404785,903d185fccf839df
1.49E+12,953.2182617,903d185fccf839df
1.49E+12,953.1977539,903d185fccf839df
1.49E+12,953.206543,903d185fccf839df
1.49E+12,953.2202148,903d185fccf839df
1.49E+12,953.2172852,903d185fccf839df
1.49E+12,953.2282715,903d185fccf839df
1.49E+12,953.2314453,903d185fccf839df
1.49E+12,953.2368164,903d185fccf839df
1.49E+12,953.2512207,903d185fccf839df
1.49E+12,953.2429199,903d185fccf839df
1.49E+12,953.2216797,903d185fccf839df
1.49E+12,953.223877,903d185fccf839df
1.49E+12,953.2275391,903d185fccf839df
1.49E+12,953.2211914,903d185fccf839df
1.49E+12,953.2297363,903d185fccf839df
1.49E+12,953.2346191,903d185fccf839df
1.49E+12,953.2458496,903d185fccf839df
1.49E+12,953.2565918,903d185fccf839df
1.49E+12,953.2458496,903d185fccf839df
1.49E+12,953.2475586,903d185fccf839df
1.49E+12,953.2463379,903d185fccf839df
1.49E+12,953.244873,903d185fccf839df
1.49E+12,953.2399902,903d185fccf839df
1.49E+12,953.2304688,903d185fccf839df
1.49E+12,953.2358398,903d185fccf839df
1.49E+12,953.2338867,903d185fccf839df
1.49E+12,953.2373047,903d185fccf839df
1.49E+12,953.237793,903d185fccf839df
1.49E+12,953.2363281,903d185fccf839df
1.49E+12,953.2399902,903d185fccf839df
1.49E+12,953.2524414,903d185fccf839df
1.49E+12,953.2580566,903d185fccf839df
1.49E+12,953.2492676,903d185fccf839df
1.49E+12,953.260498,903d185fccf839df
1.49E+12,953.2595215,903d185fccf839df
1.49E+12,953.2590332,903d185fccf839df
1.49E+12,953.2548828,903d185fccf839df
1.49E+12,953.2553711,903d185fccf839df
1.49E+12,953.251709,903d185fccf839df
1.49E+12,953.2414551,903d185fccf839df
1.49E+12,953.236084,903d185fccf839df
1.49E+12,953.2341309,903d185fccf839df
1.49E+12,953.2346191,903d185fccf839df
1.49E+12,953.2250977,903d185fccf839df
1.49E+12,953.237793,903d185fccf839df
1.49E+12,953.2243652,903d185fccf839df
1.49E+12,953.232666,903d185fccf839df
1.49E+12,953.2458496,903d185fccf839df
1.49E+12,953.2416992,903d185fccf839df
1.49E+12,953.2485352,903d185fccf839df
1.49E+12,953.2497559,903d185fccf839df
1.49E+12,953.2614746,903d185fccf839df
1.49E+12,953.2570801,903d185fccf839df
1.49E+12,953.2624512,903d185fccf839df
1.49E+12,953.2580566,903d185fccf839df
1.49E+12,953.2414551,903d185fccf839df
1.49E+12,953.2338867,903d185fccf839df
1.49E+12,953.2441406,903d185fccf839df
1.49E+12,953.2280273,903d185fccf839df
1.49E+12,953.2414551,903d185fccf839df
1.49E+12,953.2456055,903d185fccf839df
1.49E+12,953.2443848,903d185fccf839df
1.49E+12,953.2426758,903d185fccf839df
1.49E+12,953.2553711,903d185fccf839df
1.49E+12,953.2514648,903d185fccf839df
1.49E+12,953.2600098,903d185fccf839df
1.49E+12,953.2375488,903d185fccf839df
1.49E+12,953.2348633,903d185fccf839df
1.49E+12,953.232666,903d185fccf839df
1.49E+12,953.2355957,903d185fccf839df
1.49E+12,953.2470703,903d185fccf839df
1.49E+12,953.2407227,903d185fccf839df
1.49E+12,953.2373047,903d185fccf839df
1.49E+12,953.2521973,903d185fccf839df
1.49E+12,953.2612305,903d185fccf839df
1.49E+12,953.2480469,903d185fccf839df
1.49E+12,953.2607422,903d185fccf839df
1.49E+12,953.2585449,903d185fccf839df
1.49E+12,953.2575684,903d185fccf839df
1.49E+12,953.2680664,903d185fccf839df
1.49E+12,953.2609863,903d185fccf839df
1.49E+12,953.255127,903d185fccf839df
1.49E+12,953.2585449,903d185fccf839df
1.49E+12,953.2624512,903d185fccf839df
1.49E+12,953.2556152,903d185fccf839df
1.49E+12,953.2536621,903d185fccf839df
1.49E+12,953.2568359,903d185fccf839df
1.49E+12,953.248291,903d185fccf839df
1.49E+12,953.263916,903d185fccf839df
1.49E+12,953.2675781,903d185fccf839df
1.49E+12,953.2644043,903d185fccf839df
1.49E+12,953.2736816,903d185fccf839df
1.49E+12,953.2734375,903d185fccf839df
1.49E+12,953.2617188,903d185fccf839df
1.49E+12,953.2626953,903d185fccf839df
1.49E+12,953.2241211,903d185fccf839df
1.49E+12,953.208252,903d185fccf839df
1.49E+12,953.1984863,903d185fccf839df
1.49E+12,953.1784668,903d185fccf839df
1.49E+12,953.1740723,903d185fccf839df
1.49E+12,953.1826172,903d185fccf839df
1.49E+12,953.1989746,903d185fccf839df
1.49E+12,953.2202148,903d185fccf839df
1.49E+12,953.2421875,903d185fccf839df
1.49E+12,953.2609863,903d185fccf839df
1.49E+12,953.2607422,903d185fccf839df
1.49E+12,953.2670898,903d185fccf839df
1.49E+12,953.2700195,903d185fccf839df
1.49E+12,953.2580566,903d185fccf839df
1.49E+12,953.2578125,903d185fccf839df
1.49E+12,953.2739258,903d185fccf839df
1.49E+12,953.2658691,903d185fccf839df
1.49E+12,953.2619629,903d185fccf839df
1.49E+12,953.2473145,903d185fccf839df
1.49E+12,953.2487793,903d185fccf839df
1.49E+12,953.2492676,903d185fccf839df
1.49E+12,953.2363281,903d185fccf839df
1.49E+12,953.2265625,903d185fccf839df
1.49E+12,953.2180176,903d185fccf839df
1.49E+12,953.2165527,903d185fccf839df
1.49E+12,953.2141113,903d185fccf839df
1.49E+12,953.2128906,903d185fccf839df
1.49E+12,953.1870117,903d185fccf839df
1.49E+12,953.1687012,903d185fccf839df
1.49E+12,953.1403809,903d185fccf839df
1.49E+12,953.1364746,903d185fccf839df
1.49E+12,953.1245117,903d185fccf839df
1.49E+12,953.112793,903d185fccf839df
1.49E+12,953.1047363,903d185fccf839df
1.49E+12,953.1074219,903d185fccf839df
1.49E+12,953.1069336,903d185fccf839df
1.49E+12,953.1174316,903d185fccf839df
1.49E+12,953.1201172,903d185fccf839df
1.49E+12,953.119873,903d185fccf839df
1.49E+12,953.1154785,903d185fccf839df
1.49E+12,953.0996094,903d185fccf839df
1.49E+12,953.0983887,903d185fccf839df
1.49E+12,953.0893555,903d185fccf839df
1.49E+12,953.0839844,903d185fccf839df
1.49E+12,953.074707,903d185fccf839df
1.49E+12,953.0727539,903d185fccf839df
1.49E+12,953.0622559,903d185fccf839df
1.49E+12,953.0534668,903d185fccf839df
1.49E+12,953.0568848,903d185fccf839df
1.49E+12,953.041748,903d185fccf839df
1.49E+12,953.0371094,903d185fccf839df
1.49E+12,953.027832,903d185fccf839df
1.49E+12,953.0007324,903d185fccf839df
1.49E+12,952.9926758,903d185fccf839df
1.49E+12,952.9924316,903d185fccf839df
1.49E+12,952.972168,903d185fccf839df
1.49E+12,952.9658203,903d185fccf839df
1.49E+12,952.9660645,903d185fccf839df
1.49E+12,952.9672852,903d185fccf839df
1.49E+12,952.9709473,903d185fccf839df
1.49E+12,952.9621582,903d185fccf839df
1.49E+12,952.9304199,903d185fccf839df
1.49E+12,952.925293,903d185fccf839df
1.49E+12,952.9174805,903d185fccf839df
1.49E+12,952.9111328,903d185fccf839df
1.49E+12,952.9074707,903d185fccf839df
1.49E+12,952.9562988,903d185fccf839df
1.49E+12,952.9562988,903d185fccf839df
1.49E+12,952.9499512,903d185fccf839df
1.49E+12,952.9460449,903d185fccf839df
1.49E+12,952.9355469,903d185fccf839df
1.49E+12,952.9274902,903d185fccf839df
1.49E+12,952.9196777,903d185fccf839df
1.49E+12,952.9116211,903d185fccf839df
1.49E+12,952.9069824,903d185fccf839df
1.49E+12,952.8942871,903d185fccf839df
1.49E+12,952.8979492,903d185fccf839df
1.49E+12,952.907959,903d185fccf839df
1.49E+12,952.9033203,903d185fccf839df
1.49E+12,952.9123535,903d185fccf839df
1.49E+12,952.9143066,903d185fccf839df
1.49E+12,952.9238281,903d185fccf839df
1.49E+12,952.9333496,903d185fccf839df
1.49E+12,952.9267578,903d185fccf839df
1.49E+12,952.9379883,903d185fccf839df
1.49E+12,952.9306641,903d185fccf839df
1.49E+12,952.9257813,903d185fccf839df
1.49E+12,952.9313965,903d185fccf839df
1.49E+12,952.9155273,903d185fccf839df
1.49E+12,952.9194336,903d185fccf839df
1.49E+12,952.921875,903d185fccf839df
1.49E+12,952.9206543,903d185fccf839df
1.49E+12,952.9240723,903d185fccf839df
1.49E+12,952.9487305,903d185fccf839df
1.49E+12,952.949707,903d185fccf839df
1.49E+12,952.9553223,903d185fccf839df
1.49E+12,952.9492188,903d185fccf839df
1.49E+12,952.9421387,903d185fccf839df
1.49E+12,952.9458008,903d185fccf839df
1.49E+12,952.9387207,903d185fccf839df
1.49E+12,952.9335938,903d185fccf839df
1.49E+12,952.9257813,903d185fccf839df
1.49E+12,952.9199219,903d185fccf839df
1.49E+12,952.9150391,903d185fccf839df
1.49E+12,952.9123535,903d185fccf839df
1.49E+12,952.9072266,903d185fccf839df
1.49E+12,952.916748,903d185fccf839df
1.49E+12,952.9179688,903d185fccf839df
1.49E+12,952.9121094,903d185fccf839df
1.49E+12,952.9140625,903d185fccf839df
1.49E+12,952.9145508,903d185fccf839df
1.49E+12,952.9091797,903d185fccf839df
1.49E+12,952.9189453,903d185fccf839df
1.49E+12,952.9118652,903d185fccf839df
1.49E+12,952.9123535,903d185fccf839df
1.49E+12,952.925293,903d185fccf839df
1.49E+12,952.942627,903d185fccf839df
1.49E+12,952.9685059,903d185fccf839df
1.49E+12,952.9914551,903d185fccf839df
1.49E+12,952.9912109,903d185fccf839df
1.49E+12,952.9941406,903d185fccf839df
1.49E+12,953.0075684,903d185fccf839df
1.49E+12,953.001709,903d185fccf839df
1.49E+12,953.0036621,903d185fccf839df
1.49E+12,952.9912109,903d185fccf839df
1.49E+12,952.9714355,903d185fccf839df
1.49E+12,952.9645996,903d185fccf839df
1.49E+12,952.9758301,903d185fccf839df
1.49E+12,952.9787598,903d185fccf839df
1.49E+12,952.9926758,903d185fccf839df
1.49E+12,952.9978027,903d185fccf839df
1.49E+12,952.9865723,903d185fccf839df
1.49E+12,952.9763184,903d185fccf839df
1.49E+12,952.9804688,903d185fccf839df
1.49E+12,952.9750977,903d185fccf839df
1.49E+12,952.9816895,903d185fccf839df
1.49E+12,952.9858398,903d185fccf839df
1.49E+12,952.9626465,903d185fccf839df
1.49E+12,952.967041,903d185fccf839df
1.49E+12,952.9741211,903d185fccf839df
1.49E+12,952.9851074,903d185fccf839df
1.49E+12,952.9916992,903d185fccf839df
1.49E+12,952.9824219,903d185fccf839df
1.49E+12,952.9726563,903d185fccf839df
1.49E+12,952.9736328,903d185fccf839df
1.49E+12,952.9765625,903d185fccf839df
1.49E+12,952.96875,903d185fccf839df
1.49E+12,952.9597168,903d185fccf839df
1.49E+12,952.9472656,903d185fccf839df
1.49E+12,952.9343262,903d185fccf839df
1.49E+12,952.9467773,903d185fccf839df
1.49E+12,952.9506836,903d185fccf839df
1.49E+12,952.9475098,903d185fccf839df
1.49E+12,952.9562988,903d185fccf839df
1.49E+12,952.9533691,903d185fccf839df
1.49E+12,952.9519043,903d185fccf839df
1.49E+12,952.9628906,903d185fccf839df
1.49E+12,952.9572754,903d185fccf839df
1.49E+12,952.9377441,903d185fccf839df
1.49E+12,952.9462891,903d185fccf839df
1.49E+12,952.9428711,903d185fccf839df
1.49E+12,952.9516602,903d185fccf839df
1.49E+12,952.9487305,903d185fccf839df
1.49E+12,952.9460449,903d185fccf839df
1.49E+12,952.9560547,903d185fccf839df
1.49E+12,952.9699707,903d185fccf839df
1.49E+12,952.9755859,903d185fccf839df
1.49E+12,952.970459,903d185fccf839df
1.49E+12,952.9619141,903d185fccf839df
1.49E+12,952.9545898,903d185fccf839df
1.49E+12,952.9597168,903d185fccf839df
1.49E+12,952.9494629,903d185fccf839df
1.49E+12,952.9472656,903d185fccf839df
1.49E+12,952.9379883,903d185fccf839df
1.49E+12,952.9338379,903d185fccf839df
1.49E+12,952.9433594,903d185fccf839df
1.49E+12,952.9448242,903d185fccf839df
1.49E+12,952.9492188,903d185fccf839df
1.49E+12,952.9404297,903d185fccf839df
1.49E+12,952.9472656,903d185fccf839df
1.49E+12,952.9545898,903d185fccf839df
1.49E+12,952.9602051,903d185fccf839df
1.49E+12,952.9501953,903d185fccf839df
1.49E+12,952.9575195,903d185fccf839df
1.49E+12,952.9697266,903d185fccf839df
1.49E+12,952.9638672,903d185fccf839df
1.49E+12,952.9519043,903d185fccf839df
1.49E+12,952.9538574,903d185fccf839df
1.49E+12,952.9521484,903d185fccf839df
1.49E+12,952.9477539,903d185fccf839df
1.49E+12,952.9570313,903d185fccf839df
1.49E+12,952.9533691,903d185fccf839df
1.49E+12,952.9631348,903d185fccf839df
1.49E+12,952.9716797,903d185fccf839df
1.49E+12,952.9726563,903d185fccf839df
1.49E+12,952.9802246,903d185fccf839df
1.49E+12,952.9833984,903d185fccf839df
1.49E+12,952.9772949,903d185fccf839df
1.49E+12,952.9570313,903d185fccf839df
1.49E+12,952.9465332,903d185fccf839df
1.49E+12,952.9553223,903d185fccf839df
1.49E+12,952.9509277,903d185fccf839df
1.49E+12,952.9418945,903d185fccf839df
1.49E+12,952.939209,903d185fccf839df
1.49E+12,952.9406738,903d185fccf839df
1.49E+12,952.949707,903d185fccf839df
1.49E+12,952.9436035,903d185fccf839df
1.49E+12,952.9433594,903d185fccf839df
1.49E+12,952.9450684,903d185fccf839df
1.49E+12,952.9506836,903d185fccf839df
1.49E+12,952.9516602,903d185fccf839df
1.49E+12,952.9523926,903d185fccf839df
1.49E+12,952.9584961,903d185fccf839df
1.49E+12,952.9650879,903d185fccf839df
1.49E+12,952.9711914,903d185fccf839df
1.49E+12,952.9660645,903d185fccf839df
1.49E+12,952.9746094,903d185fccf839df
1.49E+12,952.9770508,903d185fccf839df
1.49E+12,952.9943848,903d185fccf839df
1.49E+12,952.9855957,903d185fccf839df
1.49E+12,952.9804688,903d185fccf839df
1.49E+12,952.9916992,903d185fccf839df
1.49E+12,952.9914551,903d185fccf839df
1.49E+12,952.9873047,903d185fccf839df
1.49E+12,952.9863281,903d185fccf839df
1.49E+12,952.9790039,903d185fccf839df
1.49E+12,952.965332,903d185fccf839df
1.49E+12,952.9621582,903d185fccf839df
1.49E+12,952.9645996,903d185fccf839df
1.49E+12,952.9609375,903d185fccf839df
1.49E+12,952.9665527,903d185fccf839df
1.49E+12,952.9758301,903d185fccf839df
1.49E+12,952.9882813,903d185fccf839df
1.49E+12,952.9899902,903d185fccf839df
1.49E+12,952.9868164,903d185fccf839df
1.49E+12,952.9960938,903d185fccf839df
1.49E+12,952.9897461,903d185fccf839df
1.49E+12,952.9824219,903d185fccf839df
1.49E+12,952.9807129,903d185fccf839df
1.49E+12,952.9797363,903d185fccf839df
1.49E+12,952.9750977,903d185fccf839df
1.49E+12,952.9584961,903d185fccf839df
1.49E+12,952.9562988,903d185fccf839df
1.49E+12,952.9411621,903d185fccf839df
1.49E+12,952.9404297,903d185fccf839df
1.49E+12,952.9338379,903d185fccf839df
1.49E+12,952.9309082,903d185fccf839df
1.49E+12,952.9313965,903d185fccf839df
1.49E+12,952.9338379,903d185fccf839df
1.49E+12,952.9443359,903d185fccf839df
1.49E+12,952.954834,903d185fccf839df
1.49E+12,952.9638672,903d185fccf839df
1.49E+12,952.9616699,903d185fccf839df
1.49E+12,952.9709473,903d185fccf839df
1.49E+12,952.9763184,903d185fccf839df
1.49E+12,952.9790039,903d185fccf839df
1.49E+12,952.9855957,903d185fccf839df
1.49E+12,952.9833984,903d185fccf839df
1.49E+12,952.9821777,903d185fccf839df
1.49E+12,952.9777832,903d185fccf839df
1.49E+12,952.980957,903d185fccf839df
1.49E+12,952.9748535,903d185fccf839df
1.49E+12,952.979248,903d185fccf839df
1.49E+12,952.9748535,903d185fccf839df
1.49E+12,952.9621582,903d185fccf839df
1.49E+12,952.9536133,903d185fccf839df
1.49E+12,952.949707,903d185fccf839df
1.49E+12,952.9382324,903d185fccf839df
1.49E+12,952.9306641,903d185fccf839df
1.49E+12,952.9267578,903d185fccf839df
1.49E+12,952.9304199,903d185fccf839df
1.49E+12,952.9406738,903d185fccf839df
1.49E+12,952.9465332,903d185fccf839df
1.49E+12,952.953125,903d185fccf839df
1.49E+12,952.947998,903d185fccf839df
1.49E+12,952.9458008,903d185fccf839df
1.49E+12,952.9460449,903d185fccf839df
1.49E+12,952.9604492,903d185fccf839df
1.49E+12,952.9624023,903d185fccf839df
1.49E+12,952.9694824,903d185fccf839df
1.49E+12,952.9677734,903d185fccf839df
1.49E+12,952.9875488,903d185fccf839df
1.49E+12,952.9794922,903d185fccf839df
1.49E+12,952.9443359,903d185fccf839df
1.49E+12,952.9284668,903d185fccf839df
1.49E+12,952.9238281,903d185fccf839df
1.49E+12,952.9111328,903d185fccf839df
1.49E+12,952.9174805,903d185fccf839df
1.49E+12,952.9020996,903d185fccf839df
1.49E+12,952.8920898,903d185fccf839df
1.49E+12,952.9211426,903d185fccf839df
1.49E+12,952.9484863,903d185fccf839df
1.49E+12,952.9331055,903d185fccf839df
1.49E+12,952.9433594,903d185fccf839df
1.49E+12,952.9396973,903d185fccf839df
1.49E+12,952.9367676,903d185fccf839df
1.49E+12,952.956543,903d185fccf839df
1.49E+12,952.9750977,903d185fccf839df
1.49E+12,952.9733887,903d185fccf839df
1.49E+12,952.989502,903d185fccf839df
1.49E+12,952.9968262,903d185fccf839df
1.49E+12,952.9941406,903d185fccf839df
1.49E+12,953.0087891,903d185fccf839df
1.49E+12,953.0053711,903d185fccf839df
1.49E+12,952.9936523,903d185fccf839df
1.49E+12,952.9975586,903d185fccf839df
1.49E+12,952.9890137,903d185fccf839df
1.49E+12,952.9794922,903d185fccf839df
1.49E+12,952.9833984,903d185fccf839df
1.49E+12,952.9831543,903d185fccf839df
1.49E+12,952.9707031,903d185fccf839df
1.49E+12,952.9775391,903d185fccf839df
1.49E+12,952.9743652,903d185fccf839df
1.49E+12,952.96875,903d185fccf839df
1.49E+12,952.986084,903d185fccf839df
1.49E+12,952.9790039,903d185fccf839df
1.49E+12,952.9685059,903d185fccf839df
1.49E+12,952.9746094,903d185fccf839df
1.49E+12,952.9821777,903d185fccf839df
1.49E+12,952.9665527,903d185fccf839df
1.49E+12,952.9553223,903d185fccf839df
1.49E+12,952.9567871,903d185fccf839df
1.49E+12,952.9477539,903d185fccf839df
1.49E+12,952.9511719,903d185fccf839df
1.49E+12,952.954834,903d185fccf839df
1.49E+12,952.9311523,903d185fccf839df
1.49E+12,952.9367676,903d185fccf839df
1.49E+12,952.9458008,903d185fccf839df
1.49E+12,952.9584961,903d185fccf839df
