UUID,iqrAccX,iqrAccY,iqrAccZ,iqrAccXYZ,meanAccX,meanAccY,meanAccZ,meanAccXYZ, covarianceAccXY, covarianceAccXZ, covarianceAccYZ,pressureDerivative, pressureIQR, iqrGyroX, iqrGyroY, iqrGyroZ, iqrGyroMagnitude, meanGyroX, meanGyroY, meanGyroZ, meanGyroMagnitude, covarianceGyroXY, covarianceGyroXZ, covarianceGyroYZ, class, timestamp 
903d185fccf839df,-0.22530862442304575,-0.5484557669831369,0.9330056256617156,0.8659190987162739,-0.6817918406788154,-1.9902931863043691,1.9784604881325716,-0.4618109895938774,-0.5262128788677084,0.2521436732669457,-0.1094587051969547,-1.2411826766940548,1.3324142156862746,-0.4502940967811122,-0.88128500349908,-0.09986669042222605,-0.7936176997160201,-0.4305643733582563,-0.8016344869595491,-0.2153331527144093,-0.6062011982085161,-0.4590995746415289,-0.5053918316297414,-0.5040623533281532,undefined,1498458289887
903d185fccf839df,0.1343621370126296,-0.5989391079705628,1.0905942961089947,1.0902522750226873,-0.4615472519595365,-1.9111487395280171,2.0061995850510943,-0.1295647181146734,-0.5279993716327236,0.296565779755169,-0.16055645964132573,-0.6534011619963876,0.8210679868538325,-0.4752916429595245,-0.8739165927935023,0.09411157792001638,-0.7272183563716533,-0.4914596624127542,-0.8718457301238907,-0.006724355493551929,-0.6194044658662216,-0.43802906364207733,-0.5038604683740312,-0.5049819657420612,undefined,1498458291292
903d185fccf839df,0.37414274815264237,-0.43574878504585735,1.1508862542641007,1.2514006429269413,-0.26249218696996335,-1.8492779236976924,1.9416556459939533,-0.3326824565329027,-0.6494626315485326,0.18624071589080174,-0.054406448941712135,-0.2704591996763272,0.013793727718360084,-0.46881077750836087,-0.7749690761914837,0.08198796264680266,-0.6782090968594888,-0.45403497934538095,-0.8131391524905259,0.15923056423927287,-0.5534749639797726,-0.4599286204281549,-0.4485633851545729,-0.47854259702648005,undefined,1498458292795
903d185fccf839df,0.28127965013972855,-0.31863916870167314,1.2137305098022662,1.2283056076764967,-0.06555194812158839,-1.8119675027435356,1.9374930329954,-0.19562126947449862,-0.672133453576789,0.234145592416006,-0.09065195140941398,-0.07391629665935405,-0.3125974821746881,-0.4836241195000049,-0.7391795938665217,0.3103166862485621,-0.6336748764835388,-0.493640490544513,-0.812299897638051,0.29144217210525614,-0.5396920986427671,-0.46535128767945333,-0.4193215242443402,-0.46994285940300307,undefined,1498458294319
903d185fccf839df,0.2549452594519903,-0.20064902255330874,1.317726145012765,1.2871887148378165,0.07925009849693833,-1.744060862260823,1.912010217529757,-0.2037780054539446,-0.752493523788737,0.2277580605198238,-0.0835641393055775,-0.06769784288158086,-0.1994485294117647,-0.48362413245077945,-0.7560216902037382,0.07390566552354634,-0.5933673248175538,-0.4449032436128818,-0.7950832825132452,0.23444604602709934,-0.523401383077946,-0.45644770369557985,-0.39888158574444227,-0.5118004751461984,undefined,1498458295816
903d185fccf839df,0.42126713128115845,-0.3638393966270008,1.3572828153274668,1.2273143481973023,0.23810240135047175,-1.6364849480911243,1.8901012986860781,-0.12146953642917528,-0.8181678428723343,0.38182972071494303,-0.06275343437778953,-0.1952062804839806,0.5099083667557933,-0.49843742263932533,-0.7707585484260626,0.19716260452190906,-0.7044440880472863,-0.47198886817049573,-0.8095154367978716,0.20859054993330464,-0.5421074712459392,-0.4615169928279554,-0.4372845466064664,-0.5436117017090514,undefined,1498458297306
903d185fccf839df,0.3436503175702569,-0.41197468492893924,1.680754932114255,1.589205452807505,0.24877895560059055,-1.5972046586967437,1.8541650097385942,-0.2784485327640338,-0.6363965804553546,0.7781718968102695,-0.04986442890345786,-0.17640859982599694,0.24444351604278078,-0.4382582815050271,-0.7539164447266122,0.18301837257079898,-0.6494361736910427,-0.4228910683684645,-0.7909496019521272,0.30816945590802564,-0.49026025461803124,-0.4232644439877234,-0.4826678000281813,-0.5248051083491723,undefined,1498458298816
903d185fccf839df,0.2715775570522183,-0.4008213999646329,1.8530181053636146,1.6430868818772895,0.21308757921710966,-1.6032094381061974,1.839601142444096,-0.3787850914210677,-0.5096288289895505,0.7678397043931237,0.03160578795566662,-0.12901715578921333,-0.9349167223707665,-0.21513230075799716,-0.7412848540681153,0.16685343914762787,-0.5633295303735465,-0.264358488290175,-0.8014028379157161,0.2763870663108396,-0.40541138436834717,-0.43475827913213505,-0.6081220653840703,-0.5192992140487366,undefined,1498458300313
903d185fccf839df,0.32286004908620114,-0.3350756032630682,2.1892496759701037,1.8046803224966477,-0.03157829615892171,-1.6696300240105009,1.859558737166293,-0.41505450999804283,-0.29016158948085513,0.08930336558461291,-0.012357894965999048,0.0601418812803801,-0.9175091911764707,-0.23827814519167073,-0.767600665485906,0.025410978312919198,-0.6923753293970338,-0.25432710516744955,-0.8156553415308152,0.05489582547675091,-0.4368204212094275,-0.45182218415971864,-0.6646328516462454,-0.5292009048276709,undefined,1498458301793
903d185fccf839df,0.31731620292579654,-0.5193984588131455,2.254964916625905,2.120483067370997,0.06798725096539965,-1.7882744829869528,1.8652864506813962,-0.5403076402439579,-0.39122086529024375,-0.5603432100545703,0.0023046163259184066,-0.016521053295041024,-0.7303782308377896,-0.23735228136852685,-0.8128638776159097,0.13654442922931512,-0.6314824499049748,-0.20177633890340754,-0.8340359631043741,0.046673053521776024,-0.4185880552145031,-0.44075676530218966,-0.6749815214430569,-0.5194604096816055,undefined,1498458303282
903d185fccf839df,0.5626407637424431,-0.5182245165008798,2.347476865502809,2.4267845561166097,0.17059737121087862,-1.823227046767148,1.7342248165699508,-1.4084029157317963,-0.4558816786087804,-0.6397067314357053,0.047608365010621746,0.016441733649632247,-0.7477857620320856,-0.07255385656802738,-0.7791796260436061,0.17493593412393496,-0.45188393307838215,-0.0502859918953979,-0.807252170187597,0.23359478544632317,-0.3049210354575248,-0.4210883111849546,-0.4551465868086755,-0.43281456229777343,undefined,1498458304793
903d185fccf839df,0.4268111844740215,-0.6497159637640475,2.3066439194281028,2.3503655514663047,0.751368966390342,-1.8635019232184193,1.6606691361751609,-1.758075626125671,-0.5739774466099395,0.6164782293886747,0.13837816004575343,0.05465184945193221,-0.7738970588235294,0.030213673550337012,-0.796021751829758,0.20120392267186643,-0.4125074044083858,0.020117344654851578,-0.836197977928301,0.24183295536210125,-0.27756115917092705,-0.40428559253963614,-0.33844445380193156,-0.44134422181760324,undefined,1498458306294
903d185fccf839df,0.4794796898062201,-0.662043307952589,2.1235349435882007,2.237715789253243,0.8436522454128343,-1.9026680801624878,1.738666556715092,-1.2709390884592588,-0.6743497795867814,0.707046997335722,0.23155447493001804,-0.00850861505176712,-0.7695451760249554,-0.1068097172085149,-0.8076007123874581,0.4396356166042217,-0.4310929553418952,-0.0657067075074977,-0.7793488895185965,0.5381144436825326,-0.262947507013893,-0.39613461254348054,0.03805223227164172,-0.47234643196730286,undefined,1498458307844
903d185fccf839df,0.5931330563031897,-0.6802407582803559,1.5097677804879501,1.5779720101508437,0.6987062012023335,-1.9272788220491541,1.807109877178596,-0.9246877101658078,-0.6025279180698638,0.46653253981132675,0.12234901951687065,0.1662176942017146,-0.5475991532976827,-0.06885054373397181,-0.8054954595480982,0.3628524937560959,-0.3208669040700014,-0.0792528761207622,-0.8043065143010789,0.6633654008946621,-0.25863668336702705,-0.34535387267651574,0.03900267926402637,-0.46544930221594755,undefined,1498458309281
903d185fccf839df,0.24524344240775792,-0.6332795145886564,1.4823334426607448,1.310308246027493,0.16596881262088997,-1.9385709724105504,1.797035088586629,-1.225105217671201,-0.6714609939915319,0.18099717556588743,-0.008574189595925723,0.13660559613788628,-0.07324392825311943,-0.1512497690849961,-0.7833901758957286,0.4234707397104937,-0.3109169821671225,-0.11844746518239434,-0.8105266787300164,0.7003986632026544,-0.2705823986503634,-0.33391309325850127,0.03125522403642726,-0.47658969223952147,undefined,1498458310799
903d185fccf839df,0.1967327699377482,-0.6996122970603501,1.0031864337243106,1.0035176375143329,-0.2690956042291692,-1.986308729998892,1.8894096582800954,-0.8998316774518451,-0.5166922456931238,0.2514791600058394,-0.025612469428550284,0.030019521334404484,-0.23861547459893048,-0.1531014449281857,-0.8097059799512855,0.38305863227033826,-0.4523231433869094,-0.15871865552736614,-0.8288303362953741,0.6038350114320469,-0.3127536814578056,-0.3063318276434236,-0.11293565611454524,-0.4805043136371396,undefined,1498458312292
903d185fccf839df,0.06506143759643225,-0.6843498632672056,1.0382771554267947,1.097408005507223,-0.471507834210661,-1.9694007824380853,1.9079419005725178,-0.8486237799594134,-0.4689094884739921,0.38125052755550254,0.006433488230407628,-0.05684905948853378,-0.33000501336898397,-0.2854956978821618,-0.7476006273106623,0.37295543582197016,-0.5975005111951203,-0.2734462630651923,-0.7450505231761285,0.7104846416043946,-0.3249555464865437,-0.28551774680677533,-0.1719343385238838,-0.3649932870366633,undefined,1498458313828
903d185fccf839df,-0.1691751203507175,-0.5927754651042845,0.8404938038532868,0.8238693384734328,-0.7681987673958365,-1.9087753450234017,1.9460504181799523,-0.5967364657332347,-0.44627927424898317,0.026309394282142937,0.03681051410033473,-0.14261424398074,-0.6259330436720143,-0.3299356720539957,-0.7170743028519181,0.3567905871929637,-0.6609353692720862,-0.3595869653458441,-0.7331489457461634,0.40984539001863457,-0.41703455414683355,-0.3601631066359848,-0.48528389673201816,-0.21646342174253147,undefined,1498458315300
903d185fccf839df,-0.43667592844422587,-0.06680954452564773,0.7690363388252635,0.6110369030559666,-0.9526110313169869,-1.6841551596154118,1.87158219755456,-0.739857305612818,-0.44160321870221236,-0.03607267624525958,-0.00894008535937184,-0.05716968580124886,-0.7826008244206774,-0.34104570121158423,-0.6476005100567821,0.24363670331936135,-0.6513695894457258,-0.3813912891149149,-0.6798402449246403,0.2837013242360776,-0.4328467058403001,-0.37769312401385047,-0.46935080334255785,-0.2103563489406729,undefined,1498458316777
903d185fccf839df,-0.3576731014351085,-0.13196823854511408,0.7562761225947146,0.6613904022777503,-0.8306946644500528,-1.6066963086078225,1.8469461777566891,-0.7566977703242282,-0.42875126659728735,-0.11140684647081896,-0.05487943847536034,-0.007660574846039953,-0.8696384803921569,-0.3919665408345817,-0.6497057628961419,0.3224403297864974,-0.6991719446746011,-0.4307502514056679,-0.6526996161212475,0.3247535784227218,-0.4422772507582226,-0.3809707380859529,-0.5012068338190815,-0.22152553779643633,undefined,1498458318312
903d185fccf839df,-0.3382688807546782,-0.31629112332318376,0.7326695954997243,0.6795847606910324,-0.8211701080921964,-1.5357569995069937,1.8250372720070323,-0.7994195764088234,-0.441768296141231,-0.13059731391582935,-0.08282659396783998,-0.10883636259387074,-0.5084322081105169,-0.4826983333815083,-0.6170742076847392,0.1708947290328637,-0.8355436306307421,-0.5027621530200587,-0.6401823213344137,0.29634344928024736,-0.48040925680469526,-0.3779010687511161,-0.526447408981573,-0.22463351731561293,undefined,1498458319794
903d185fccf839df,-0.0028533175323688167,-0.45482672133581586,0.8545300417068905,0.7938917028769962,-0.7619964904692199,-1.603325901128078,1.867763734448086,-0.659676589606075,-0.412594510063353,0.013204308798309977,-0.1112921518064056,-0.08380333813977753,-0.4692652629233512,-0.5252866058086035,-0.6854953041189743,0.05369949874458247,-0.8376518137379058,-0.5437489653583227,-0.6983398131394914,0.1753116682070584,-0.532715280576249,-0.45769050795869626,-0.6159436905429136,-0.38124139755310443,undefined,1498458321380
903d185fccf839df,0.35751045055241437,-0.4865255896903555,1.0472095609251284,0.9641298786177847,-0.6688697852138135,-1.5767376354503366,1.8120434020941794,-0.8984597200072028,-0.4108635410622122,-0.09083290971528386,-0.13462210693444812,-0.1276843088936354,-0.8087121212121212,-0.6197217370911348,-0.6886532017835986,-0.03722785605465343,-0.8763866398593331,-0.5776682118051675,-0.7134109437311518,0.01892505703538637,-0.5818081134514409,-0.4652272036530104,-0.6323101879736814,-0.4547693022739587,undefined,1498458322820
903d185fccf839df,0.13713419811447083,-0.5452271479584789,1.1824678529689467,1.1205224617694003,-0.7602684872171553,-1.556552448186327,1.804666799712326,-0.9113308523485174,-0.3392789164371905,-0.36188921845513866,-0.13270082057002924,-0.010264173487168975,-0.6302849264705882,-0.5882433384123334,-0.6991795175160344,-0.15038190951658498,-0.8360322190874689,-0.5926899553983243,-0.7172941745445743,0.078270668491299,-0.5773075327016048,-0.44074528044706873,-0.6561886309910688,-0.5298181998324768,undefined,1498458324289
903d185fccf839df,0.3478084264757236,-0.48124245470726296,1.0880422528628848,1.217908683492078,-0.5969213326712679,-1.5709727678384287,1.922324323474525,-0.13414402290662208,-0.35790584049907204,-0.13951411292789107,-0.13952825431961255,0.12740324617250698,-0.499728442513369,-0.547506651173006,-0.5970741400605605,0.005204924592841477,-0.7066520789341967,-0.5276126265902311,-0.6404272118316006,0.312265444106451,-0.46745447599353923,-0.4366553391202889,-0.6921340761834002,-0.3883251418259727,undefined,1498458325793
903d185fccf839df,0.3796866288184567,-0.4213668664428968,0.9904264716307111,1.1932476008637665,-0.20853340529881978,-1.5818037299903593,1.9634623783384055,0.26885352686170877,0.042867734901057435,0.49061405684039866,-0.0742032731727229,0.12941107625372644,0.379351882798574,-0.46418161380193595,-0.609705745443525,0.312337274661737,-0.5336377941861602,-0.42492394474505046,-0.6175826241479718,0.4836193450461898,-0.3698343208801247,-0.4578607217022905,-0.7436955335747524,-0.3648275966481354,undefined,1498458327282
903d185fccf839df,0.2923678945470935,-0.34388082823488897,1.2628574693583543,1.3314896013280086,-0.18586373109457377,-1.6911358901271296,2.0153484467670983,0.4229148199835592,0.058519956226864886,0.04841609246064692,0.018809899544304814,0.1347108998048159,-0.673803754456328,-0.31512235596390076,-0.6002320671741198,0.4295325332147398,-0.48966530300884603,-0.3143000839516511,-0.6083608271739459,0.42513604789496257,-0.3202721647586859,-0.500064803681288,-0.7217182243296666,-0.37019695084439974,undefined,1498458328779
903d185fccf839df,0.5501666440585014,-0.2910493907199871,1.5448585021904344,1.5180388833298393,-0.11282500036343446,-1.713596746157837,2.025268076954711,0.5060159904575666,0.06671429676850414,0.12274172426845935,0.004885550954015571,-0.023655936633658833,-0.8348234180035651,-0.21883562654282726,-0.6454952424929546,0.5568307620983384,-0.5369526020996069,-0.17764782474383073,-0.6314083225198077,0.4817099370434987,-0.25509787922300486,-0.5172178285513348,-0.7483144760463034,-0.33966678703839626,undefined,1498458330283
903d185fccf839df,0.5085859690687509,-0.4401513756107735,1.9244750621177389,1.9558867716231747,-0.24456421480190316,-1.7895532363237285,2.0073959116653373,0.15883042425692367,-0.036442444903645156,-0.485932382142519,0.20354954629451208,0.009268491318343822,-0.8000083556149733,-0.09477388898165524,-0.7297059008726489,0.6356345298890821,-0.5011818037892378,-0.05511802943829458,-0.6883763575830385,0.6366028992761271,-0.1877283880451036,-0.5986320153685343,-0.7673831919325705,-0.3810688436762444,undefined,1498458331781
903d185fccf839df,0.672135745290668,-0.30807291334948433,1.4185318532341014,1.4659264875391886,0.032717608573812784,-1.6954496424606007,1.9028137916748218,-0.25877138534654853,0.04152916028093954,-0.045985743219134616,0.08912194217334382,-0.027431939817949117,-0.8217677696078431,-0.14939808029103196,-0.8149691304552695,0.3406256820345141,-0.576123558806727,-0.004017505692888954,-0.7919291564107724,0.439071644066334,-0.2373010065034367,-0.5405065760410543,-0.6776014447177424,-0.5159635240590388,undefined,1498458333312
903d185fccf839df,1.1184326484135154,-0.29750661415530705,1.3247446451449911,1.5715518941986966,0.6234766176921801,-1.7110648600714562,1.882977153246648,-0.1257518249439306,-0.2311223079080676,0.4528110789389678,0.0101807738493614,0.0691413084618088,-0.7390819964349377,-0.14476892953538162,-0.8486534114765084,0.320419713108601,-0.6505661344778333,-0.008969866762742801,-0.8316150674708371,0.3592615004297185,-0.27224307375313606,-0.5070280530298154,-0.616013218893073,-0.5689844559125867,undefined,1498458334798
903d185fccf839df,0.7719289097946607,-0.33331461672468865,1.2188345962944858,1.2143814558854207,0.717395319913104,-1.7359201722304798,1.9054015099028752,0.003999073813733616,-0.33552538774518154,0.1845358332957242,-0.0042283156400475825,0.1012346942486801,-0.5693585672905526,-0.14847225532021172,-0.8444428542621522,0.2820281658168989,-0.6805220075653892,-0.05483304601496862,-0.8398293240089428,0.4048409003777313,-0.29749370641855255,-0.4937725097851162,-0.6171312059834101,-0.5106110827642311,undefined,1498458336276
903d185fccf839df,0.8107372821447016,-0.6056897804489588,1.2845498369502875,1.3358584144863577,0.5983898021232272,-1.8441249807398354,1.9311104842763047,-0.09226830067950684,-0.21693518448159765,0.28352277901199424,0.16369338914909962,-0.021908593672763606,-0.7303782308377896,-0.17902479017586914,-0.7833901611712609,0.29617242603273053,-0.6390442779682227,-0.09842269780600078,-0.7697282763065277,0.4322193386025099,-0.2994761673316401,-0.4773868617401416,-0.5812779225115402,-0.5067667478671639,undefined,1498458337778
903d185fccf839df,0.6915400004765081,-0.6461938445473269,0.825181544376628,1.0038386538767115,0.05830841649787982,-1.8809153145071025,2.017365496596019,0.16259588654851648,-0.004920590468397333,-0.18971579663017793,0.3393003720431784,0.06039747072347061,-0.8957497771836007,-0.19568979505992823,-0.7476006346728962,0.28404881075951677,-0.6355148758566734,-0.13774394621179734,-0.7569730895400439,0.33083597316489327,-0.3327514859215882,-0.4529861993436601,-0.6095276701032866,-0.4370548605842323,undefined,1498458339334
903d185fccf839df,0.2688055649611965,-0.6814147882765986,0.6733347170961467,0.7084362294059121,-0.39575367331776573,-1.9326220950476651,1.98589460450211,-0.27290815306675326,0.004402546861115057,-0.31141777072761456,0.26376944276603165,0.013477228378368646,-0.8565828319964349,-0.3114190301790707,-0.7507585323375203,0.22949241483880817,-0.6767680277063297,-0.2348089737060339,-0.7599677248032418,0.21428514170899532,-0.4092142793302951,-0.3874259624908741,-0.5678186296715192,-0.42083282124392574,undefined,1498458340791
903d185fccf839df,-0.31470658567419096,-0.6532380245247835,0.5725287547378609,0.596559114949594,-0.8694511716111899,-1.9523833620524649,1.975183410280832,-0.5151738887593802,-0.21521428064383383,-0.6653169487036947,0.18283259742718583,0.0652010325332511,-0.8957497771836007,-0.2567948129681449,-0.7465480119343331,0.3386052066802254,-0.5671801620724314,-0.27851895090649004,-0.7683499043313741,0.2511490175495665,-0.43320948604902254,-0.31866478518145713,-0.5099177981529839,-0.37485072176879297,undefined,1498458342292
903d185fccf839df,-0.49488848696928744,-0.6708485329244098,0.6082573601833978,0.669272115058994,-1.1188176100196676,-1.9517498091890693,1.9790676399480938,-0.5493218025591827,-0.2884563621519817,-0.5862808554206677,0.20348774737769565,0.024250588726800137,-0.8000083556149733,-0.27345984375375304,-0.7497058801500222,0.31435786307491187,-0.5550527856335221,-0.3112856030214357,-0.7529849067102806,0.2790971986866516,-0.4433248027189626,-0.3157039785996912,-0.47530232822959634,-0.39951144759443574,undefined,1498458343789
903d185fccf839df,-0.5156786864425237,-0.6209521850141111,1.142273044774243,1.1451779015556838,-1.1201444593181662,-1.920775585414914,1.9450747726176791,-0.7335271546159788,-0.23698358068446854,-0.5935125360604205,0.2757210850199616,0.02660361415313431,-0.8391753008021391,-0.24661063468292574,-0.8044428515340027,0.15068859051862138,-0.5442885643836582,-0.2949972705322371,-0.7715054643117442,0.19937944784975858,-0.44947191602291847,-0.3199083049223406,-0.5243526168061664,-0.3904001790489049,undefined,1498458345287
903d185fccf839df,-0.26481012419112876,-0.6097989146638009,1.1033542582025941,1.0834504804671818,-0.9589675900822383,-1.8976974818581136,1.9640251583746693,-0.5320221380080705,-0.19002818220493262,-0.8233941354674027,0.40244909599420625,0.013205694035802372,-0.7564895276292335,-0.18087642716673508,-0.8054954742725658,0.2699045222789636,-0.5029243310515443,-0.2609197004159443,-0.7732336770876483,0.22498705670351704,-0.4207679040566771,-0.33114528376202074,-0.46017150835507736,-0.4363656694776639,undefined,1498458346791
903d185fccf839df,-0.01394145842350457,-0.6338665149727816,0.8781363146649313,0.8862562693091716,-0.7641770573391401,-1.9147242206063464,1.9670204987583921,-0.49536458709302594,-0.19517148545696925,-0.7508920756926081,0.3732308771015688,0.028162160236768208,-0.7782489416221035,-0.14662057947702212,-0.8054954742725658,0.27192502589797385,-0.5107043388790715,-0.2815650965827756,-0.7805243541924237,0.25655386897989185,-0.4262021161714903,-0.31000424262741727,-0.48319900477574046,-0.4623845284622776,undefined,1498458348744
903d185fccf839df,-0.022257538212799084,-0.6139079904226582,1.1059063014487038,1.053920989944661,-0.7193108482376999,-1.9187724381486253,1.9821339892154226,-0.38491131631827064,-0.18737461528481547,-0.7437349253182725,0.3621949244730976,0.0681331895820286,-0.4605614973262032,-0.12532641088653812,-0.8044428515340027,0.2537397301794002,-0.503184004191434,-0.2755994633175457,-0.7782923717735631,0.22974517509442474,-0.4264407639584843,-0.30513136502995875,-0.4844928581590714,-0.46912924400145734,undefined,1498458349837
903d185fccf839df,0.25771742407006076,-0.7453995107558069,0.5731666384809136,0.673042942416958,-0.4386553216067659,-1.9535200294683956,1.9646273655599742,-0.44790125444809914,-0.3035393470995439,-0.8598069547606707,0.25228983075396455,-0.030380144950694635,-0.4866727941176471,-0.12162304624938439,-0.7865480588358852,0.23555409528416812,-0.468275342447911,-0.23896971743632053,-0.7716034199087001,0.2188892724683352,-0.4060950842441602,-0.3100518874460613,-0.5367815558805581,-0.496299996458333,undefined,1498458351321
903d185fccf839df,0.11634386061959562,-0.713113642017142,0.8385796443502297,0.8037149029026296,-0.2911892842485239,-1.986003599527257,1.9644695794471987,-0.4622902220331,-0.2700094024114689,-0.5306222140517527,0.18128828086298773,0.009478887788099417,-0.4649133801247772,-0.09662553892329576,-0.7360216814774297,0.11835883673116535,-0.46804127298676523,-0.25330750201052254,-0.7556436940420829,0.16117589873371851,-0.4157911985604501,-0.29279697836988977,-0.5628994970619089,-0.4982351039452506,undefined,1498458352796
903d185fccf839df,0.10248379664825756,-0.7776853648804756,0.9291774337240764,0.9307710395072131,-0.4138256490159184,-1.9882140480551118,1.9622316235085278,-0.5118249612245434,-0.30905446974891027,-0.4848299460236514,0.1380907147299849,-0.15171244550967392,-0.45620961452762926,-0.06422135412599782,-0.7033900526436891,-0.031166090815128878,-0.48850788774886833,-0.2586525065406815,-0.7465548377959991,0.07362033566446541,-0.43405635806246634,-0.27660740135877016,-0.5752208716667899,-0.5109797103183507,undefined,1498458354290
903d185fccf839df,-0.07908415245046439,-0.6503029787621689,1.2711517369766858,1.1886157737571943,-0.47864611288864317,-1.9079507947634067,1.9867887570589027,-0.19837365193089743,-0.11735492584712696,-1.0826515576037068,0.4468961179915663,-0.06667648769169464,-0.147225935828877,-0.06792473171392611,-0.7433901289941764,0.03551397690823652,-0.517329530502919,-0.24769018364288556,-0.7749548917497417,0.020665082851670867,-0.4442205224164782,-0.3041420723808122,-0.6384825416757082,-0.5351391649568538,undefined,1498458355789
903d185fccf839df,0.42819719777223725,-0.43545528485379476,1.9812581514121563,1.8861303581786366,-0.2220796729817028,-1.8014533185423003,1.996426996180861,0.1385570941645412,0.026777731593861924,-1.1808388440347013,0.8043142844165668,-0.0633070431714254,-0.34741254456327986,-0.07533139623436086,-0.7381269711279586,0.03753462185085445,-0.46287033491946267,-0.1948417675864731,-0.773870386277954,0.13601484071882292,-0.3997099413649681,-0.3417254552533537,-0.6291341122721471,-0.5276470636889433,undefined,1498458357306
903d185fccf839df,0.7400504659140594,-0.3215742875342686,1.8887467108091514,1.8202468379575958,0.042129022646345465,-1.7479879621997183,1.950271261643039,0.03476365165984473,-0.011837259878860971,-1.5210500783390628,0.9889264347470538,0.008102057469884318,-0.3909313725490196,-0.1114388550133907,-0.758126979854267,0.01530786665871573,-0.5293358933387464,-0.24193987087793703,-0.770896742040741,0.15738788350983643,-0.41952708281786294,-0.3367025347988134,-0.617257554098411,-0.5393029746687159,undefined,1498458358807
903d185fccf839df,0.9119164599469101,-0.33918470824991787,1.8887467108091514,1.8107390523325833,0.019335918953345115,-1.7710520886712895,1.945763772221219,-0.021487679985006995,0.041311885100818506,-1.5929559267715516,1.037432681861824,0.12531419571309527,-0.3822276069518717,-0.10218051464976635,-0.7497059095989573,0.021369744957126426,-0.5145806490348447,-0.2524335587949888,-0.7779565243927031,0.15808081272025606,-0.4251405081006887,-0.3418799989061991,-0.6230951960650514,-0.5231633715790651,undefined,1498458362539
903d185fccf839df,0.8855822072808107,-0.32979246827997566,1.9621180812032823,1.7273454633723482,0.03399303706311854,-1.7647328624399314,1.9660080170922358,0.11988151381643705,0.04235479389037744,-1.5965793567788096,1.0495771975025274,0.11424939893991123,-0.43880208333333337,-0.10773551627778605,-0.748653264773693,0.0011637195017702394,-0.5284627744397977,-0.2537381452257515,-0.7767950537504723,0.16385523017994494,-0.4250602893868681,-0.34524437878394565,-0.6229442928432128,-0.5249236014120469,undefined,1498458362846
903d185fccf839df,0.9049862209287826,-0.3339015732668254,1.659700702402324,1.5868293100206876,-0.027484572781455354,-1.7751748418341098,1.9610087559939968,0.06167281214101244,0.11546582009373174,-1.5026642014559901,1.039536549960984,-0.09033890147789932,-0.691211285650624,-0.11051309479644318,-0.7602322400558607,-0.01095992403616501,-0.5105447805750054,-0.2708687578343401,-0.7722891076804675,0.16590322279157252,-0.4357113680540496,-0.334855752811319,-0.6058283779955866,-0.5266664968582431,undefined,1498458364332
903d185fccf839df,0.7899470826714654,-0.2740259265464745,1.379613320799402,1.2943417588080326,-0.0994638824211179,-1.7857845248808788,1.9227371958094257,-0.3041951556273731,-0.08448698860937338,-1.1059850792672719,0.9491537195099375,-0.07654687325801246,-0.43445020053475936,-0.13551056327020816,-0.7928638688896013,0.06986429084414589,-0.5034985092040517,-0.29427531659740436,-0.7942660909989002,0.30176370569870153,-0.42979706661732053,-0.36390846668762583,-0.6143288180263035,-0.5127301092244184,undefined,1498458365816
903d185fccf839df,0.3034558629111806,-0.3755796673614362,0.7045973739294662,0.7603133942688458,-0.39795481898369106,-1.821121413992318,1.962223736716941,-0.2568435410305842,-0.18439765861185836,-1.1079267444629206,0.5823410395880937,-0.14297934961946676,-0.6259330436720143,-0.1336588615254695,-0.8497060268528376,0.4921713393175909,-0.3992310294565174,-0.36417834839908353,-0.823099948340302,0.6720655224506531,-0.373060919122467,-0.38634225356942864,-0.8147463333233929,-0.5977403572073303,undefined,1498458367344
903d185fccf839df,0.05397326219988676,-0.6825888328868376,0.4793789221179045,0.3701934442732183,-0.6599212314770458,-1.8847282782002306,1.9482042382156568,-0.5393669931415525,-0.18928753230327908,-0.7723507633990202,0.3402103474053398,0.02754903094683593,-0.8130640040106952,-0.3049382165310053,-0.8876008282772636,0.5932017492415872,-0.41803330323969506,-0.45996412032371703,-0.8311182930238533,0.8598187670771845,-0.3912890728709849,-0.4020687474046883,-0.7682894176004602,-0.5797834728010844,undefined,1498458368787
903d185fccf839df,-0.17749109662378282,-0.6919810728567798,0.3211522408590981,0.33567871254715875,-0.7190742788842522,-1.900858260503758,1.971709451951856,-0.4508304095987032,-0.20265734695559803,-0.4257854089651534,0.30775963310271576,0.01579992266015356,-0.8087121212121212,-0.40955738364023564,-0.9054955915264461,0.5184392148066362,-0.5174990033463596,-0.536415415350763,-0.8443282733170073,0.7941905905523027,-0.44409837073080133,-0.43236825297689396,-0.7378480180791486,-0.5565259911774564,undefined,1498458370343
903d185fccf839df,-0.2398618330651306,-0.7688801399086547,0.31158195161771174,0.27752659854513884,-0.7843267412483884,-1.9491131089375209,2.016531860944544,-0.24344467352403953,-0.1928048784782295,-0.18728084267252887,0.25167102597203034,-0.045033525512549695,-0.8565828319964349,-0.44381327018227223,-0.9118113868556945,0.46994472544905985,-0.5603337273119898,-0.5664399018457249,-0.8381081081479054,0.7050181920170335,-0.47339871307236236,-0.4205719349583472,-0.7974203763106003,-0.5709790361894947,undefined,1498458371788
903d185fccf839df,-0.32025063886705396,-0.8674987180490324,0.5074519060990109,0.4832523469089065,-0.9564681654118149,-2.0084760997752342,1.972595694147822,-0.6201540580314598,-0.19810234966542203,-0.22376923166174206,0.2622816775771616,-0.11607921539651876,-0.5084322081105169,-0.5067699121305803,-0.9297061280181756,0.5871399840020626,-0.5585321766465591,-0.5991685533697101,-0.8828317227210905,0.642870067367042,-0.5161221532837145,-0.45190736901128903,-0.7254314542671847,-0.5264739275200384,undefined,1498458373285
903d185fccf839df,-0.3964814047743301,-0.8140803093779977,0.547008830550662,0.5671562091574921,-0.9533824564283078,-1.9899889275390752,1.9216721316917802,-0.9368604208426343,-0.18781127938478848,-0.35220768196141095,0.2335927748600685,-0.165559513162891,0.14435021167557935,-0.49658581155000847,-0.9391798357365159,0.27596631578320974,-0.6279198115419856,-0.5773325634759392,-0.88304162677824,0.4870378000295017,-0.5365518487780907,-0.46939932197902484,-0.7627780944037692,-0.4936247805444734,undefined,1498458374791
903d185fccf839df,-0.5045905455513879,-0.8269946393366683,0.45385899793070555,0.40427685819446024,-1.0545731435286665,-2.005045129973783,1.9071398262289327,-1.0741630785694278,-0.1865148841369633,-0.5407981802545146,0.2259134502160909,-0.3107204568237108,-0.1863928810160428,-0.48917908227570095,-0.9244429554274901,0.16483289313153532,-0.6824348800435756,-0.5632924270441814,-0.9050675879563214,0.13766246814852626,-0.6174359956291781,-0.4412914645801639,-0.6223641046728184,-0.5100051721962207,undefined,1498458376318
903d185fccf839df,-0.5614171597890533,-0.7806204544850787,0.32434216784826064,0.267389948618329,-1.1844094980554662,-1.9874221066050652,1.8973148679184904,-1.147343882811096,-0.21395982580120745,-0.49891255108609966,0.21560102874681256,-0.1597003218733262,0.022497493315508033,-0.48177243070604076,-0.9381271909112515,0.1850390175134169,-0.7486636956511137,-0.5715062550435887,-0.9334186658916509,0.15493952492200835,-0.6240602409366094,-0.43964265420995513,-0.6155962097193718,-0.5061530704019069,undefined,1498458377838
903d185fccf839df,-0.529538853930091,-0.7407033761568396,0.3300846463574318,0.31118751022955676,-1.1356038650737936,-1.975671094537595,1.8902249073052828,-1.1756876376130783,-0.19997794761585191,-0.5734136567665249,0.21286782964543324,-0.07209805185206843,-0.007965686274509793,-0.48454994447082517,-0.9718114572080228,0.10421466130949832,-0.7905123897919846,-0.5799227374842859,-0.9333137133492428,0.059977313833718786,-0.6453997133398508,-0.4359727957277896,-0.6290943534623873,-0.4860542892810737,undefined,1498458379335
903d185fccf839df,-0.6071557366518121,-0.681414817504591,0.14761330012363305,0.1642736138155886,-1.2229705743141799,-1.9658393757106751,1.9504001172989096,-0.781654335428149,-0.2658015019064699,-0.7749689230579504,0.1322936515613903,-0.12209473012175255,-0.3822276069518717,-0.6169442103755758,-0.9707588197449921,-0.03924848686491058,-0.8655483012726938,-0.6334234462909999,-0.9653311199943225,-0.031212278483712996,-0.6977903601436996,-0.4529846377601565,-0.6436654276954159,-0.48961897563255957,undefined,1498458380834
903d185fccf839df,-0.7526872364806952,-0.7301371061906546,-0.014441191867388573,0.008632445364073097,-1.3602846335787253,-1.9503522651790524,1.9382740762439288,-0.8856226641425458,-0.3290913425246897,-0.6924178152104324,0.059464883215751226,0.03930410295983202,-0.6128773952762924,-0.6891592444906064,-0.9676009073559003,-0.057433966304174223,-0.903693977571052,-0.6728776863645316,-0.9802623148027606,-0.11510301021744358,-0.7383548770998813,-0.455821453434717,-0.6113119012795676,-0.48495406870117164,undefined,1498458382297
903d185fccf839df,-0.7942676354271678,-0.7025473720509571,0.16228767585723902,0.11243104098162222,-1.377430890055726,-1.9203866016432887,1.9605169801274906,-0.7031986158497509,-0.306793533512531,-0.6817293836659394,0.04188683154756552,-0.1244641618243106,-0.6955631684491979,-0.6965659090110412,-0.977074600349773,-0.11603158144831485,-0.9119641383531016,-0.695853606186673,-0.9946057773140458,-0.05286249490823664,-0.7455821252476275,-0.43250847110020574,-0.6391262891325273,-0.47813145552944764,undefined,1498458383804
903d185fccf839df,-0.7443711566914007,-0.7013733420547144,-0.048894029826820035,-0.026562391352098293,-1.3348995326936302,-1.8802980652794423,1.9169779162725842,-0.9482043910423943,-0.29589934052921907,-0.5958934584415013,0.05110443735421517,-0.042674659932503974,-0.7869527072192514,-0.7095275881102702,-0.9486535213681548,1.2054458609662033,-0.5170085663337272,-0.7012112774679065,-0.9327329792821251,1.0602295318008306,-0.48571734318061904,-0.4288798966371274,-0.48107188045569166,-0.14504649244143045,undefined,1498458385298
903d185fccf839df,-0.562803173087269,-0.6655653979413173,0.02256318106425382,0.008140583566966033,-1.2563476615420985,-1.8737202939420392,1.9682170582868292,-0.5892059056037825,-0.26659766810953556,-0.6073110846223068,0.04636176051258278,0.037897607321874305,-0.8783422459893049,-0.7178601035030743,-0.9423377113144388,0.5265217521800256,-0.7194980957318655,-0.715732718549306,-0.9268276708716242,0.872768855847291,-0.5350982794770247,-0.4194365283732415,-0.45164539538942583,-0.13727050885412642,undefined,1498458386799
903d185fccf839df,-0.6085417499500279,-0.8017529651894563,0.12911111365781186,0.10238301613026259,-1.244519108087375,-1.8978908087245214,1.9276733421482983,-0.8829732498690686,-0.26724626174028543,-0.545062792174359,0.09556340031981868,-0.0013965466666073388,-0.6259330436720143,-0.7437834487507576,-0.9412850885758758,0.54470724575165,-0.6906315266805814,-0.7425274026005615,-0.9256382132978568,0.8521965318021529,-0.5530288419471747,-0.4042729467227067,-0.41177716905514083,-0.14908348225326232,undefined,1498458388357
903d185fccf839df,-0.49350250817648145,-0.8269946393366683,0.4736374601565311,0.48938582620364107,-1.1263158779473532,-1.977706849441853,1.9438808434164665,-0.8365744882085326,-0.2578764542207391,-0.39398259287051646,0.1135726700302641,0.016172021632135988,-0.7303782308377896,-0.7308217437499795,-0.8918113634049185,0.5507689403293707,-0.5971006109086835,-0.7283226096110448,-0.8897025926658281,0.9163772537819685,-0.525908013161996,-0.39222298129483907,-0.3969174688439606,-0.21005141837608143,undefined,1498458389791
903d185fccf839df,-0.5641892553963043,-0.7688800960666662,0.6452624955258885,0.6651485568783753,-1.1995911853138368,-1.9860501834621895,1.8951952442317477,-1.15703935385332,-0.2997440730020929,-0.42951420285099895,0.12699088991561772,-0.006800295334346189,-0.6085255124777184,-0.7215634292879043,-0.9033903018759173,0.5346040634356427,-0.5759299902267777,-0.6761454863651056,-0.8755900251336873,0.918456043392187,-0.4941281741535794,-0.39431303489221664,-0.48465671081821454,-0.253844971495804,undefined,1498458391292
903d185fccf839df,-0.4671682210049724,-0.7465735115240573,0.2088623380302678,0.1570544303014506,-1.0727788283710384,-1.9672252722121855,1.9452772737695105,-0.7807132051678233,-0.2868011177732288,-0.4205689885127918,0.12523460796068478,-0.06748522290268419,-0.7129706996434938,-0.7169342396799303,-0.9307587581189725,0.33052271170391834,-0.6790871495980603,-0.7142571418918038,-0.8939006789655032,0.5693424874666274,-0.5950073592066873,-0.40594102886245953,-0.597380205599645,-0.2798958757894402,undefined,1498458392799
903d185fccf839df,-0.38677941520304904,-0.3744056958211781,0.08126017572477877,-0.07840782375782485,-1.0053560822333427,-1.7875990038357568,1.9436652005799697,-0.5042694121267262,-0.24441912648290667,-0.513730880037362,0.01254708015057493,0.0030420242679179968,-0.7347301136363636,-0.7789651278866782,-0.9591798444628243,0.10219404463160192,-0.7978387826208717,-0.7424260752138165,-0.9401775862323044,0.19831694904246322,-0.6999708360602721,-0.4223587108063999,-0.6410188216995583,-0.4748636445625783,undefined,1498458394291
903d185fccf839df,-0.44637805603714586,-0.3773407123558004,0.04935938101145709,-0.05373483109710324,-0.9601504421068456,-1.7535525155618983,1.8731864007128638,-0.9247228640822132,-0.2814496059258273,-0.5218013243623093,-0.05114013805448882,0.025301017560675564,-0.8826941287878788,-0.6743459024989623,-0.940232458475079,0.20928627632456584,-0.7924876272272611,-0.6414662873358372,-0.9389741348532717,0.3453721039430121,-0.6227134626193659,-0.4606441088007782,-0.6578375051716485,-0.5130724702510184,undefined,1498458395794
903d185fccf839df,-0.48795838597279895,-0.24056607165355542,0.2509713057280286,0.2105555334760666,-1.0425697314818354,-1.795180679544813,1.860347681347952,-1.0531404506083337,-0.23312279010572992,-0.3985847350702941,-0.0988275924220501,0.03240806027384023,-0.7782489416221035,-0.648422557251279,-0.9865483080681133,0.06582314228251772,-0.7819772272468845,-0.6561587164293099,-0.9759033025257986,0.3494218938299284,-0.6399354824192371,-0.4647500946574347,-0.6575133373577317,-0.4775790998930613,undefined,1498458397314
903d185fccf839df,-0.4921165293836754,-0.631518454980296,0.5087276735851164,0.46764964636899065,-1.1019387801732785,-1.9687206458091888,1.8862249662856199,-1.1677893688691594,-0.3316368125902873,-0.22219744675444716,-0.06784914475893031,-0.02391804026585952,-0.9131573083778967,-0.7039725800068631,-0.9907588579202358,0.1931213711661163,-0.7432317854970506,-0.6796729363477597,-0.971278410328335,0.3835140529499815,-0.639855093218219,-0.4616380793370788,-0.6532495815319967,-0.4814545868041328,undefined,1498458398795
903d185fccf839df,-0.5475570958177153,-0.5276167126288335,0.5170216870664985,0.5507306618663007,-1.1088713397491468,-1.8843905396684058,1.9066506660243463,-0.9094770357448543,-0.3283809812614299,-0.27098281706653604,-0.0638108502279909,-0.03319746882602241,-0.7913045900178254,-0.6187958473664418,-0.9697061896441953,0.04763762044617177,-0.7723086726262443,-0.6299846602494056,-0.9497772103697306,0.33112854199943315,-0.6311022087541627,-0.4655123659559842,-0.6179968342953718,-0.46750016943122297,undefined,1498458400304
903d185fccf839df,-0.5683473297963613,-0.3497510366720875,0.47044753316736854,0.47946038330567314,-1.1068964883423926,-1.7708704079244093,1.8907534888975401,-0.8645497305313584,-0.4077067484304332,-0.2694352385945465,-0.07974979145991823,-0.07089788833647304,-0.3822276069518717,-0.5595424793998656,-0.9591798518250582,-0.15644370302083105,-0.7747992124587055,-0.5868003169090932,-0.9565151389992883,0.1300710420824002,-0.6545407114970716,-0.4755719475169528,-0.5926655041197799,-0.44877852211713914,undefined,1498458401810
903d185fccf839df,-0.4782563273906984,-0.5769260163130184,0.12273125967948684,0.1269712700450427,-1.0717605462587234,-1.6158735144151557,1.9053462918865518,-0.5792919099812702,-0.35946823836449854,-0.4580762389763856,-0.05400435431648625,-0.08379547920990787,-0.7434338792335116,-0.5780591601271143,-0.9191798270102074,0.5143980662450081,-0.7104444809226843,-0.6412383004997313,-0.9125681695403235,0.8045383539830555,-0.5195372343779684,-0.4311726685031265,-0.6033894097009264,-0.25410480662006046,undefined,1498458403299
903d185fccf839df,-0.3521290482422455,-0.5358349079885367,0.1131604621642016,-0.0222038124074858,-1.0398440276581757,-1.635276077081794,1.9106032705816631,-0.5504410652008676,-0.23558982920797927,-0.5827735062109809,-0.0800731117062623,0.044415765132992155,-0.7913045900178254,-0.5493582881638719,-0.9012850416743237,1.498434092142875,-0.27502293663960736,-0.6297693390404311,-0.8327695421218774,1.4551226785581481,-0.3484163847585794,-0.46314971122601833,-0.6510087443800032,-0.17681312016711398,undefined,1498458404811
903d185fccf839df,-0.347970904831369,-0.45071767480495084,0.16994380559556835,0.15253973700516868,-0.9200362213282117,-1.7535082589068445,1.9500503633897017,-0.4391691874130262,-0.20857810997185627,-0.6223662275622848,-0.03952499147366052,0.005705418783316216,-0.8087121212121212,-0.553061613948702,-0.8686534275650506,2.1490698076886363,-0.2691501030464699,-0.6056724879714614,-0.8227641030514768,2.170626840868927,-0.18098171208517058,-0.44326471305811754,-0.6159388212560636,-0.2790681373538383,undefined,1498458406288
903d185fccf839df,-0.23570372415966387,-0.49767896233863884,0.273301302926065,0.2278156228400337,-0.8458866307937398,-1.8290384989414306,1.9591021469115708,-0.4717154327622803,-0.16682024103297904,-0.6038164031785361,0.05775608063620712,-0.04186399416118978,-0.8130640040106952,-0.5752816528377172,-0.8623376395980359,1.8540610728929545,-0.3373386578207756,-0.6645371991815231,-0.8463783397847306,2.36028949326929,-0.16468586767078758,-0.43282818976414267,-0.5577151405400038,-0.24446603635138292,undefined,1498458407804
903d185fccf839df,-0.4505360959317931,-0.6743705936851458,0.23374488674831287,0.2937551695994778,-1.0584097051271304,-1.9175682226726065,1.9881851680327933,-0.43526330028958327,-0.2199778794609675,-0.46105584243863706,0.16016674966870803,-0.01704481676196531,-0.9044535427807487,-0.6317575329410581,-0.848653389389807,2.013689083828731,-0.10089940199362459,-0.7311344356847203,-0.8611276170026589,2.287701221381646,-0.21351020292730763,-0.40055508731145945,-0.32737204292625055,-0.17257856022619378,undefined,1498458409299
903d185fccf839df,-0.591909555866029,-0.7806203960290939,0.26692144894774,0.31031623639352285,-1.2276608582112967,-1.9617259398055358,1.896241891344974,-1.1510909246368752,-0.19013007714621055,-0.5097582871822312,0.2310023185881777,-0.21155307235128057,-0.43880208333333337,-0.6419416918001154,-0.9002324336602282,2.140987340977051,-0.06919102782282378,-0.7588347303385695,-0.9074185181787154,1.4491480721532868,-0.42453352411198436,-0.3989362506988665,-0.3210373428943447,-0.15408625956458483,undefined,1498458410811
903d185fccf839df,-0.8053557763183036,-0.8669117176649073,0.6222941063109005,0.6159675917496021,-1.4177508239789216,-1.9910464028208044,1.845334113994844,-1.5579945277613643,-0.22823136990731774,-0.38003466241226885,0.23646239517555942,-0.2743943837662214,0.4663895387700535,-0.747486781010975,-0.9770746224364744,1.1953428906356076,-0.3733204026304719,-0.8076933902781286,-0.9972785595460675,0.7796390581381705,-0.6175940206415839,-0.4143664438918031,-0.3677753729393755,-0.343246917854887,undefined,1498458412298
903d185fccf839df,-0.6029976795044599,-0.8176024285947183,1.0044624553473653,1.0172235852355724,-1.3075498634201215,-1.9684551120758131,1.924428165721681,-0.9910545967052695,-0.23351597013668543,-0.3279340647386244,0.2733467157144607,-0.30715362054042233,0.4054631795900179,-0.7835942851177158,-1.0023377963912345,-0.0008569254408476836,-0.7333310991222189,-0.8355140129159513,-0.9974464827868935,0.023036444231212993,-0.798139655641151,-0.42322580405490295,-0.5539316054531677,-0.4455779023373057,undefined,1498458413798
903d185fccf839df,-0.31054852852683884,-0.7119396120208993,1.0312594177054168,1.053324962022778,-1.161390106602988,-1.9315995604077725,1.8668275254625497,-1.291761825747161,-0.2640777306252686,-0.29051778341146023,0.20939850796418194,-0.33026139087005235,-0.19509664661319073,-0.7808168037298677,-1.0128641268481378,-0.22514440155445362,-0.848100774880839,-0.8155842396614987,-0.9929055521609063,-0.22455516178241694,-0.8422099917819591,-0.4290537137102752,-0.5564588420167302,-0.49605688416091864,undefined,1498458415334
903d185fccf839df,-0.2634240591347984,-0.6767186975196199,0.8947245957646448,0.9219196746926049,-0.9996063790152103,-1.9495789580377878,1.8950137809838647,-1.0828899493880721,-0.29850024636257433,-0.4499493261787373,0.2255344821515507,-0.19888833335571604,0.16175774286987524,-0.6391641974614928,-0.9844430405042859,0.3103166862485621,-0.66267698183101,-0.7204444262866659,-0.9669054034019534,0.5689267293184168,-0.6214187982862277,-0.4174379841052832,-0.22316684014957136,-0.5401207948234088,undefined,1498458417115
903d185fccf839df,-0.06245188935564617,-0.6544120691350225,0.707149417175576,0.7391339917497104,-0.9037128241632132,-1.9686461099992822,1.9081496665688855,-0.9771278777129593,-0.3241969257061636,-0.3407683888947568,0.20158836995338378,-0.2283629978480507,-0.2647267713903743,-0.5937983400403531,-0.9518114337572466,0.34062579509340024,-0.6626174410334703,-0.6733589901393802,-0.9476431826180327,0.7024312498568668,-0.5662380105785153,-0.43970586215768964,-0.2971191222577004,-0.5615758617113722,undefined,1498458418298
903d185fccf839df,-0.2606520325383669,-0.6068638250591978,0.6095333818064528,0.6627580073518042,-0.9971789545981536,-1.9492691683474717,1.8448633833649388,-1.4007279939852546,-0.35734483302318704,-0.183501921504177,0.21376736678042493,-0.225844609222685,-0.012317569073083769,-0.5882433254615589,-0.960232481925855,0.36891434378978505,-0.6476243763091356,-0.6243546724730944,-0.9644075416987655,0.675791938575138,-0.5551745778836168,-0.43444560891903766,-0.30118907828014096,-0.5473870392930725,undefined,1498458419814
903d185fccf839df,-0.32163661765986,-0.5827961955222247,0.6057055710742375,0.665334059909193,-1.0213091994142873,-1.910461713804424,1.8465306735232812,-1.3467710822821828,-0.36153277694958863,-0.253420058096747,0.16987779661897623,-0.11774617915780818,-0.0775958110516934,-0.5669491568710749,-0.9349693006088611,0.5406659417340534,-0.45491449140332746,-0.6014484158951242,-0.9366511929509871,0.888998819420873,-0.4822134278242019,-0.43711456358986617,-0.3735501781240444,-0.5839005949957905,undefined,1498458421292
903d185fccf839df,-0.4519220747245991,-0.6186041396356217,0.48894946549624035,0.47971502047365844,-1.0095217913643992,-1.8543317070989516,1.885543842998449,-1.0126541903599886,-0.41376828351486294,-0.4260908058518629,0.22949566745465955,-0.17751295059861621,-0.5954698640819964,-0.6206475361604059,-0.8960218838081058,0.9831790156628546,-0.2542396750014686,-0.5930635986323571,-0.9117915237471094,1.1407480006970208,-0.4267998504350567,-0.47204822277973146,-0.2249675531666531,-0.5431025640016518,undefined,1498458422784
903d185fccf839df,-0.6002256356553236,-0.39671226574979085,0.3683652950490785,0.31510829823380637,-1.0876828036658537,-1.7887682811103922,1.9390919472161658,-0.5497908782347041,-0.49381004909859283,-0.5122525586784071,0.11688165700133915,0.030964674034063912,-0.5867660984848485,-0.5780591730778888,-0.910758749392664,0.7043351294961793,-0.49811273483618745,-0.5825065807857681,-0.9423046157906698,0.9490219593800906,-0.46360836085028456,-0.5079344552993059,-0.4143532782753278,-0.5549334255168488,undefined,1498458424300
903d185fccf839df,-0.4491500481281676,-0.4207799099007601,0.1259206783947505,-0.06991374546490736,-1.0680371242868905,-1.7798333197733096,1.9622105725105567,-0.38615340367782836,-0.5439708315140999,-0.3256553773244048,-0.03866262831551974,-0.003904194870179281,-0.499728442513369,-0.6169441844740268,-0.8844429158881718,0.15068867531278599,-0.7584000370473517,-0.6089149565129159,-0.9152129645104871,0.5739158323337815,-0.5556970471030068,-0.48232174245331644,-0.41877536030219537,-0.4604224299515177,undefined,1498458425826
903d185fccf839df,-0.5433990214176583,-0.3890810123182281,0.4532208600507034,0.3731794375989078,-1.1010747802536907,-1.7647980815276343,1.8879238140855266,-0.8671052039034667,-0.518389077562471,-0.3511636012301648,-0.08645221741418163,0.07640477030338591,-0.6172292780748664,-0.5613941422922807,-0.8939165867953431,0.08804984094521337,-0.8137185893430966,-0.6067174247135876,-0.9134357745049916,0.7458702720670461,-0.5205096192236215,-0.46072890114050735,-0.438524797825528,-0.5122303994042305,undefined,1498458427302
903d185fccf839df,-0.3535150270350515,-0.505897143084346,0.42259659523433546,0.5051358108600182,-0.9320499219108209,-1.8675547980417853,1.9273919463687965,-0.747897462861292,-0.4174569485502467,-0.4335535244830773,0.05358627558078635,0.07645946012337253,-0.865286597593583,-0.5215833059253225,-0.9044429540634155,0.4517592036127139,-0.7756553460363451,-0.6080790070450236,-0.9330688250174957,0.9918142443506118,-0.4717452155708904,-0.4581863746326199,-0.40036210228433444,-0.43852095990912326,undefined,1498458428794
903d185fccf839df,-0.26203804583658263,-0.7759242760441228,-0.005509294642953765,-0.01727522106227554,-0.9318647762713228,-1.8888929578184712,1.9163099430502528,-0.88057090694979,-0.29586822764964715,-0.7420338594290874,0.14079180334864727,-0.030829004780471434,-0.9740836675579323,-0.6095374940520428,-0.9360219159851902,0.45175926014215695,-0.8388039269103766,-0.6547591337892833,-0.9875040144516134,0.7659036504542525,-0.5526194872110984,-0.42710890249318306,-0.5416581631232275,-0.4751404185412423,undefined,1498458430297
903d185fccf839df,-0.4186577555674211,-0.6585212033498645,-0.10312533001207701,-0.04543179271875655,-1.0113423590020159,-1.909786233262437,1.9920273145595067,-0.4251739556669167,-0.20840253929915026,-0.4916372147768848,0.13881710686364304,-0.06938480789313282,-0.7826008244206774,-0.6243508554698487,-0.9370745681726885,0.8174892112228324,-0.6781303139844713,-0.6646448603756653,-0.9557524856288836,0.9353327436265477,-0.5085048202818785,-0.40992472711767486,-0.5147387236799122,-0.4605756557422742,undefined,1498458431811
903d185fccf839df,-0.3410409073511097,-0.6608692633423501,0.26181736245552045,0.2693386899766633,-1.0482474417124936,-1.9130425107137485,1.8781488236121755,-1.1757872207952105,-0.2283229118573862,-0.2463687334514978,0.037295924829761934,-0.019449851583904283,-0.6563962232620321,-0.5132508423356166,-0.9507587668452809,0.8619425520187806,-0.6545424270435257,-0.6125943959091508,-0.9688854989409447,0.8827778500722608,-0.49931366170119584,-0.4290759246337241,-0.560282557802807,-0.444647189787766,undefined,1498458433334
903d185fccf839df,-0.3244087477725207,-0.6074508546713153,0.900467074273816,0.9315546460110544,-0.9612201645214308,-1.9336679242148498,1.883390028200353,-1.1038888196399737,-0.37548937147186723,0.06457113679146377,-0.00302925354184662,0.021642868564593097,-0.8391753008021391,-0.5419516365942117,-0.8949692316206076,0.9346844980405566,-0.5672039995151447,-0.6145512754833182,-0.9191521669787237,0.8403551341735858,-0.4971838652662503,-0.44303541539977326,-0.5222395122233296,-0.39228416419911216,undefined,1498458434802
903d185fccf839df,-0.3008464181866237,-0.5358349226025328,0.7390502118888976,0.7513837822207351,-0.9284293630749786,-1.9153927134071222,1.9020642966401609,-0.9593794884522236,-0.45884534860133414,0.06249623929990253,-0.03445176280118087,0.06787836064136338,-0.3517644273618538,-0.665087562135338,-0.8791797580219539,1.1084568257216074,-0.5733068653303544,-0.6666587362657559,-0.8784517194303777,0.8107285220789864,-0.5132520837941054,-0.46033247553238776,-0.6157067679945942,-0.3733300314056066,undefined,1498458436304
903d185fccf839df,-0.3853934019048333,-0.5663597755748259,0.2414010164866422,0.25507837655078097,-0.8815677262474241,-1.9016338976312812,1.9413062700156447,-0.6841954976204381,-0.5331877669923006,-0.1849826182159862,-0.0070795974214135,0.07019123867679308,-0.5388953877005348,-0.6363867095982575,-0.8728639332437703,1.2135283276777888,-0.5086065369856293,-0.6788813175741958,-0.8385628997844037,1.3720942384585733,-0.3694998124027174,-0.4536980414384818,-0.7449459369636948,-0.25315016667689605,undefined,1498458437838
903d185fccf839df,-0.44499193922270086,-0.5769260163130184,0.20375875981194708,0.19400787508106188,-0.8614386155367226,-1.8621905603599906,1.9365357986761775,-0.6814115396361666,-0.41815881676667416,-0.33073108403949525,-0.043166899091673434,0.0741578912541657,-0.8174158868092692,-0.7169342655814794,-0.8433902094368878,0.9387257031316278,-0.5658674651604947,-0.7066322760044674,-0.8484493945930489,1.3289477927968376,-0.4021519650702704,-0.44242963733891866,-0.7546854011901116,-0.2412238241773254,undefined,1498458439280
903d185fccf839df,-0.4422199471316791,-0.553445416388163,0.2101386137902721,0.14441277473516406,-0.9645835860946562,-1.8596447007573222,1.8906588285431107,-0.9908141679515706,-0.3755053729153343,-0.5510251001930871,-0.04151296928312925,-0.09544451059226708,-0.4823209113190731,-0.6900850694614267,-0.8265480910129698,0.6881703091318943,-0.5089558774967156,-0.6865695100856798,-0.8520177683787197,1.1838790396609147,-0.4258335487309142,-0.39325401174203806,-0.7788489437679363,-0.21682428293181455,undefined,1498458440812
903d185fccf839df,-0.4075695801708756,-0.5446401621883499,0.6261221711800652,0.5853715694085461,-1.0304120467247466,-1.8727746214052403,1.8776465411020766,-1.092200293268285,-0.37272172354723326,-0.4813532264889342,-0.006111683817284385,0.04052213430661872,-0.5301916221033868,-0.6697167387925375,-0.8202322956837212,0.6053253362500793,-0.5590861062065182,-0.6570263284230695,-0.8653466938573053,1.179351896995877,-0.41761602323697444,-0.3717455299995516,-0.8537069779558294,-0.2466287062241289,undefined,1498458442299
903d185fccf839df,-0.2869862852044662,-0.6021677196882228,0.45832520067987237,0.4024161282281471,-0.9903698261874764,-1.929710544493207,1.9463817776064583,-0.7029542532514872,-0.4383265648563195,-0.6059202499705795,0.08284933364475354,-0.024136750638646603,-0.5563029188948306,-0.6123150207676018,-0.8318112415169538,1.1690749868818406,-0.26429975034246844,-0.6054698336851982,-0.8780109204124348,1.8466743273554458,-0.24351796603149015,-0.35763149908762015,-0.637977555272111,-0.27953279805337833,undefined,1498458443786
903d185fccf839df,-0.23154568426501662,-0.5933624362604173,0.19418847057056068,0.1579437530829889,-1.0022909501373434,-1.9160122899599639,1.9577083521233605,-0.6180466165543945,-0.4876046310749477,-0.38530091259702925,0.07344840954962222,0.056346308708932584,-0.6085255124777184,-0.5984275685006507,-0.8539165693427262,0.6558406118738813,-0.4993408066820839,-0.5885355414890356,-0.8930120837823021,1.2366803195833702,-0.3901242762808406,-0.38217204279515227,-0.4295135073459745,-0.4593462106194325,undefined,1498458445317
903d185fccf839df,-0.38955137278866103,-0.6180170954095079,-0.20393129237036275,-0.24377404326464608,-1.0603948502250056,-1.9052465474361964,1.9519569609493879,-0.6781653567401482,-0.4617614748598156,-0.522721929856509,0.06571344470214231,0.06776667575139479,-0.9001016599821747,-0.5567650239135666,-0.8654955372626602,1.1609925201702551,-0.41619761196809424,-0.6202002596545287,-0.9116795742959519,1.6694536272223137,-0.295795302484977,-0.37133714484508107,-0.5728115690654745,-0.5322064416773276,undefined,1498458446787
903d185fccf839df,-0.36737516001720905,-0.6373886195755061,-0.2670944897800545,-0.33374877951980175,-1.0306794710507579,-1.921534917454752,1.9244281636266372,-0.861808561825521,-0.38842972128515124,-0.4881440175236433,-0.02061022346345347,0.05786499648115582,-0.8870460115864528,-0.6345350402304551,-0.8697060429413799,2.0561219492703904,-0.3357971209113243,-0.7049413793615938,-0.8833145028979125,2.4348025619525955,-0.14206239525188308,-0.40064842881309193,-0.5484953864426684,-0.6693739100254421,undefined,1498458448615
903d185fccf839df,-0.31332053787056546,-0.6538250395229049,-0.16373597590176014,-0.2345911737377619,-0.9753012798440726,-1.9220543385129447,1.93852129452986,-0.7549456581089338,-0.34144036398851824,-0.41113789761624064,-0.023119861347306602,0.022503628311616633,-0.9523242535650625,-0.6262025377884256,-0.8876008135527961,1.9308440544174728,-0.29691047171734586,-0.7293042138158641,-0.8865050489696473,2.591327755081129,-0.12018267506933399,-0.4290373386711406,-0.4335691973715105,-0.6540745256645114,undefined,1498458449815
903d185fccf839df,-0.26896814683307113,-0.7483345711324176,0.005336762084538089,-0.015030299563530688,-0.7962684372204961,-1.9494252279132633,1.923973210246231,-0.854740734041321,-0.23678696627066947,-0.30776870587281946,0.030337080543879767,-0.005664254972038279,-0.9175091911764707,-0.6391641974614928,-0.9739167100473826,1.8176901988085918,-0.26273613773500654,-0.7390189500204799,-0.941485988563309,3.014538633711712,-0.03303714847471734,-0.4509688604073137,-0.3507202916136765,-0.5973683256457728,undefined,1498458451296
903d185fccf839df,-0.03888969779138811,-0.6708485329244098,-0.0010436001676857852,-0.02721654001081915,-0.661258379914084,-1.94363473906681,1.9371432869426057,-0.7287165435869338,-0.28547513329958296,-0.3347265626422943,0.09824079936703267,0.03145084673683106,-0.9262129567736186,-0.7382284082704144,-0.9823377655782247,1.6418972544496446,-0.45127143639487016,-0.7961674341694416,-0.9668984062424042,2.476162785048165,-0.1901035423074667,-0.45606357820957594,-0.5722515535334414,-0.613803923271854,undefined,1498458452806
903d185fccf839df,-0.18857930652573804,-0.58925336050156,-0.016355351370445623,-0.028191370489618083,-0.8286580981288769,-1.8951842349790888,1.9117051681843877,-0.874497968735113,-0.30268253600019324,-0.4023062284209998,0.07694823791850251,0.0074991857282819116,-0.8870460115864528,-0.733599257514764,-0.9812851207529603,1.4539806665527621,-0.4641826706636747,-0.8127914121697055,-0.9663596510035651,2.5786240392034196,-0.17516364373241225,-0.44755740165586916,-0.5422856568205219,-0.5896715199498126,undefined,1498458454346
903d185fccf839df,-0.3063904713794867,-0.6139079904226582,0.1680296460925113,0.11944869551892863,-1.0091823641483346,-1.9110882802847815,1.9345634356032246,-0.7948420372259338,-0.368635737051367,-0.27883000551482323,0.11715156668176362,-0.050180719650543125,-0.8739903631907309,-0.6354608522505009,-0.9844430552287534,1.7126185272640813,-0.32996315733570475,-0.7551109608127462,-0.9499311390284247,2.2574740609622053,-0.2283019015283974,-0.43781889692531195,-0.5700238409655533,-0.5914833168896968,undefined,1498458455807
903d185fccf839df,-0.5364689204211698,-0.615082020418901,0.078708132478669,0.11166269737196138,-1.1510529826857454,-1.9042636095064756,1.9175775166999043,-0.9303182032108552,-0.37822533980598844,-0.36785545533232317,0.09614532243557457,-0.05584996488361874,-0.7782489416221035,-0.5660233254248673,-0.9833904324901904,1.4337745563032414,-0.40779298288434185,-0.719697139674647,-0.9616158129477931,1.8186799622576735,-0.3206845043140835,-0.44826528507529373,-0.603646484421333,-0.5546257313417059,undefined,1498458457449
903d185fccf839df,-0.6334899548125016,-0.6045157796807084,-0.0335822786240602,-0.17502357996358964,-1.1678803781594087,-1.88847369637792,1.9073870078516015,-0.9713477581233193,-0.29282628105151254,-0.12537799198621463,0.01884581440153825,-0.08394409582002649,-0.6868594028520499,-0.5336191341521822,-0.9349693006088611,1.3812388618545937,-0.47398787378058727,-0.7042574233490486,-0.9562492586934117,1.5448802046119157,-0.38069931115411054,-0.4202445614706194,-0.6151064986628044,-0.4981537305070245,undefined,1498458458804
903d185fccf839df,-0.6709123828751464,-0.5170504572766447,-0.1764967004062079,-0.2657689654620935,-1.2566768014827134,-1.8388888513971398,1.8966915851184527,-0.9916458352650084,-0.33195710436793885,-0.10602033785290116,0.020427126015649753,-0.13265651622405855,-0.4126907865418895,-0.7289700808575645,-0.9454956016168292,0.9447874683711525,-0.6057869493649332,-0.7823869482568201,-0.9614199017049448,0.786737743037074,-0.5828085440270846,-0.43559058624535785,-0.6267407918901903,-0.4300021247534229,undefined,1498458460308
903d185fccf839df,-0.6404200213035803,-0.5898403754996814,-0.3085645571869649,-0.40203892252960255,-1.2050631773726235,-1.8453874291343477,1.9080786508763885,-0.9311560623350541,-0.3351823884123911,-0.2920728838543534,0.014255071314275784,-0.044553996506082674,-0.8174158868092692,-0.7974817956631524,-0.9949693746423061,0.9306432081553208,-0.5816112774312505,-0.8120314582474084,-1.0070740927242001,0.6706950573461201,-0.6332772519324211,-0.4353886928099165,-0.6484012739824802,-0.44181091908822384,undefined,1498458461804
903d185fccf839df,-0.7332830503056748,-0.47302430318954825,-0.6077920089987608,-0.6584455336974041,-1.3157578508091192,-1.716846033915847,1.8935147940571082,-0.8927138857041728,-0.2644030644235529,-0.6169541457220902,0.014930963250981255,0.016182209767233138,-0.7260263480392157,-0.7900751376181049,-1.0128641268481378,0.5851193107947231,-0.5824479222931523,-0.8117084778208815,-1.0188497263777923,0.26582373109228524,-0.7227693090075893,-0.4210749732117594,-0.6525559183250537,-0.44647815338486607,undefined,1498458463307
903d185fccf839df,-0.8136718906130078,-0.36736148661572915,-0.5369731901246385,-0.6498574558023906,-1.2828127655135084,-1.674647206560584,1.9001839787834798,-0.784106663498403,-0.2797378348794324,-0.5547399702690727,0.032647045115388004,0.04851763712485087,-0.9131573083778967,-0.8696968297781829,-0.9928641033973618,1.1306834254577778,-0.5535687295930558,-0.8871781679787082,-0.9800244226579498,0.6700945175698456,-0.6554211998924359,-0.4219689270116257,-0.6348793842947699,-0.3774414832587893,undefined,1498458464810
903d185fccf839df,-0.7665473694628527,-0.7295501496485179,-0.6505388604395743,-0.6940706801506047,-1.2221888649882067,-1.5592566953617732,1.8631010798130194,-0.8670862093071806,-0.26642038854173483,-0.6728986229342601,0.07029097434088016,0.01962371431052533,-0.852230949197861,-0.8530318313695111,-1.0654957791326545,0.8134479778670396,-0.7326079380721866,-0.8934097849005352,-1.044982815069469,0.5996312285286389,-0.692935407927833,-0.443932090763663,-0.5661792839372324,-0.44987690461183366,undefined,1498458466358
903d185fccf839df,-0.8330760422826187,-0.9162210359630885,-0.5950323010421107,-0.6502144132602033,-1.307189863905744,-1.5486679717653808,1.8626987204068426,-0.882588546953925,-0.3015156812509956,-0.6878111669471616,0.09473775311347134,-0.07963696373335655,-0.8696384803921569,-0.8974718573444432,-1.0802326226305112,0.6841291747026269,-0.649306680476262,-0.9166896860690212,-1.0933237817039336,0.5712672915319359,-0.7279724027540696,-0.4291990416662802,-0.5402010454281064,-0.34978370775499823,undefined,1498458467801
903d185fccf839df,-0.8316900807425175,-1.0330370205892445,-0.5931181415390537,-0.6556870001982406,-1.4040091296547252,-1.5906897778443272,1.891145334327472,-0.79331617634229,-0.29474865130020417,-0.7134830054924424,0.10485750146134654,0.01079029545493787,-0.8174158868092692,-0.9419118736062944,-1.0581273297753493,0.15877108549492847,-0.6993251225871645,-0.9571318639111563,-1.1058340793495696,0.02166598049983546,-0.8753784489913423,-0.418865484174851,-0.49336869393114396,-0.2951359988856313,undefined,1498458469303
903d185fccf839df,-0.7027906887341087,-0.975509667685318,-0.7092363633739981,-0.812550107976891,-1.39097715121691,-1.5289859015387564,1.8697071555413942,-0.8207658271796815,-0.2096541875179366,-0.7247854421525586,0.06816905530340268,-0.02671493334871645,-0.7608414104278075,-0.9743160681166733,-1.1149695190280793,0.09411160618473792,-0.7263596402648109,-0.9966051018744871,-1.144428488078033,-0.002201609632275593,-0.9125876058227073,-0.43019187784092566,-0.4435185593740864,-0.2541476268326013,undefined,1498458470801
903d185fccf839df,-0.6071557193991072,-0.9074158109912677,-0.5580274198365694,-0.6843093726762983,-1.3461932273296828,-1.5624757046866018,1.8973464224174887,-0.6463733471401171,-0.2505337991452724,-0.5857611517195132,0.026314093856427245,-0.09929195684084999,-0.7216744652406417,-0.9409860518731678,-1.1897064512838487,-0.6413896706560133,-1.0127511413832602,-0.9666439457298491,-1.1731713877221928,-0.5560836890503985,-1.0281466828931412,-0.40972563878216145,-0.6102231910298757,-0.5051648613843686,undefined,1498458472287
903d185fccf839df,-0.7679334172664782,-0.5481622229490858,-0.1490616001681542,-0.315312518673842,-1.2042197481849402,-1.6289591787274036,1.8971465563067293,-0.6929138063880944,-0.2008236400880997,-0.5859168388532826,-0.040275402598923774,-0.046952610818024404,-0.4649133801247772,-0.8521060128740781,-1.0749694684454103,-0.47974098651289765,-0.7873562855626381,-0.9066773021261381,-1.1161543759248527,-0.2210289147596599,-0.9141727570136305,-0.4015157668672076,-0.5414634743781374,-0.39316650881399784,undefined,1498458473816
903d185fccf839df,-0.6598243109948301,-0.3708835766044575,0.1693059218525156,-0.03477417018887791,-1.1824243548540851,-1.735922502715973,1.913293571571473,-0.7130578843724247,-0.27638493039456213,-0.5357516415010953,-0.05444118352442669,-0.08124101513615155,-0.6999150512477719,-0.7872976238533205,-0.9770746113931237,0.3487082900697073,-0.6383467435117448,-0.8535249061407673,-1.0685130904147582,0.33317653688619103,-0.7575266990712197,-0.39872014914714415,-0.32658290088399694,-0.3289128792363377,undefined,1498458475286
903d185fccf839df,-0.7249669705163801,-0.5810350920718759,0.060205437738948944,-0.056427773176594795,-1.219720291785434,-1.8102951095640811,1.917801059945771,-0.8408504710349323,-0.2920176971787314,-0.5054317065363303,0.027476418922277892,0.0545668487168161,-0.843527183600713,-0.7113792510026852,-0.9212850614439828,1.338806137736542,-0.198341541362335,-0.7898028273405392,-0.981570717427384,1.2208045261784692,-0.5026218824800716,-0.4103582731191223,-0.48312723079146286,-0.28947526914909555,undefined,1498458476795
903d185fccf839df,-0.7859515556378733,-0.6591081745059973,-0.08015694079708897,-0.12749511356556403,-1.1168118932056317,-1.775761808725313,1.891079593954729,-0.9711136426663141,-0.3159572848118149,-0.5304245734754576,0.005667504589360908,0.06282349577701475,-0.7564895276292335,-0.6521258700853345,-0.9676009294426017,1.6984742670482496,-0.30681253339516784,-0.6986591018690741,-0.9405064343371121,1.3827499775428687,-0.41725914380282614,-0.4245451388153456,-0.6062701096157408,-0.3478253676667179,undefined,1498458478327
903d185fccf839df,-0.6224018139213658,-0.6561730995153905,-0.37108987085360395,-0.36123299038937745,-1.019231487328182,-1.765881175677752,1.8959473596421765,-0.9137872963063661,-0.43439398098466525,-0.5446990240086216,0.0421795048036341,0.03703048127496179,-0.6389886920677362,-0.7113792380519106,-0.9254956002527546,1.552990516328305,-0.2694707625325385,-0.7467578087057628,-0.9496022882198759,1.3561722604333322,-0.44466383674350374,-0.4205752811472725,-0.4993337525807688,-0.3245431614828652,undefined,1498458479800
903d185fccf839df,-0.7027907577449282,-0.7518566611211459,-0.7698470092636813,-0.8324512241986836,-0.8431917822967361,-1.7328502346740569,1.8872637433676085,-0.917854587896536,-0.45771422828655556,-0.6013471347580109,0.05318487456752679,0.05261497642084388,-0.9175091911764707,-0.8159984828657882,-0.9033903055570341,1.5974438853889747,-0.04793612289027607,-0.8373315691189193,-1.015295345852968,0.9982353946073969,-0.5740395068439322,-0.376520736693808,-0.3349744163522011,-0.1251160405697976,undefined,1498458481293
903d185fccf839df,-0.7817935847540455,-0.7559658245639803,-0.8923450850769508,-0.9373150155595373,-0.7007348807245743,-1.6862770984297355,1.8927468977308544,-0.7707565991595171,-0.4587500748333099,-0.628885039614514,0.057703935292970875,-0.003695594210032766,-0.9610280191622104,-0.9122851960983936,-1.0002325269868486,0.13452381255141874,-0.5654170286803267,-0.9377467240842563,-1.0648957381087962,0.3615250732027043,-0.7733121018277581,-0.3923496169009188,-0.472888279163481,-0.1678076551668191,undefined,1498458482838
903d185fccf839df,-0.8538662762612647,-0.7160486877797566,-0.8859652310986257,-0.9287224952799282,-0.5574345524413742,-1.6743397469856387,1.8829771679119525,-0.781407298408597,-0.41377474478846776,-0.6326887741545983,0.05703836380447837,-0.0010190664145958539,-0.9305648395721926,-0.8974718670575241,-1.0170746527730004,0.013287306510262416,-0.6427826136199927,-0.9220283579544826,-1.0680512997835925,0.18840035166937105,-0.8068044991776738,-0.3888806906556968,-0.5157086252910987,-0.19296948645922815,undefined,1498458484767
903d185fccf839df,-0.8580243161559119,-0.7301370477346699,-0.8846889553386214,-0.8979644783381905,-0.5649636814972268,-1.6508563577610988,1.900962411083937,-0.6427134604810704,-0.3494194019392017,-0.6884847033688619,0.05888211396375666,-0.1418671118680522,-0.8826941287878788,-0.8845101782452142,-1.042337848814462,-0.17664981327035187,-0.7610625913319251,-0.9186275671277465,-1.0743344370396852,-0.1508582019034141,-0.8886302292624471,-0.38376494914465714,-0.487590062340959,-0.3817551198868684,undefined,1498458486333
903d185fccf839df,-0.5184507130389552,-0.936179487443231,-0.8617205661236333,-0.8885127527087422,-0.8412992212175266,-1.6036287038455157,1.9042075875105542,-0.60709525918256,-0.28297954482249216,-0.6922366836544936,0.05671550976239675,-0.31862577233739653,0.018145610516934058,-1.0094977602033683,-1.1465485067176724,-0.42316398804665345,-0.9276864062892604,-1.0062501758868982,-1.152712712975705,-0.5431797940280784,-1.0298571049388732,-0.428338604063009,-0.601015807553056,-0.47491604138748317,undefined,1498458488852
903d185fccf839df,-0.9689055180348111,-0.7125265977910283,-0.9344540527747115,-0.9517852369418399,-1.0379206061329773,-1.663490152445758,1.9199496004716348,-0.6157050423031012,-0.2150730724560072,-0.6907216486357401,0.054490819380179,-0.6941936086154662,6.371894496434938,-1.0594927845686264,-1.2697065487680699,-0.6636163410539874,-1.094391599920794,-1.101079674074769,-1.223100630609175,-0.7397717485755219,-1.1358901178888674,-0.4415372092727891,-0.6014222832071189,-0.44166648943459424,undefined,1498458490311
903d185fccf839df,-1.318181214239278,-1.033037137501214,-0.989961120446074,-1.0499971395257068,-1.3690583318421976,-1.7963895521338462,1.9256194630243861,-0.8788052710033247,-0.2997024187515185,-0.6798300085226324,0.08721476406624663,-0.9669519199877213,6.754860182709447,-1.1057844766736673,-1.277074977879232,-1.0434905912144865,-1.2104470262236309,-1.1207054665808367,-1.2294817220614167,-0.8676866346420401,-1.1738654954284446,-0.43906425712042324,-0.5860217928905815,-0.4237336226982929,undefined,1498458491801
903d185fccf839df,-1.3154091876428464,-1.0447774374636416,-0.9204175607841584,-0.9451676660008409,-1.3647794818901988,-1.883440210009532,1.8845866055366605,-1.2425952932500446,-0.30135438281165167,-0.666898539635026,0.10051945483818771,-1.0668566013479979,4.605030080213904,-1.0567152853734634,-1.2718118144913388,-0.8474916266998184,-1.1521270128507497,-1.1185269339281307,-1.2393052446546127,-0.9733199705381888,-1.2044117817580648,-0.4443562762418783,-0.6049067792706817,-0.4681879991428453,undefined,1498458493288
903d185fccf839df,-0.6833864335482687,-0.8575194776949651,-0.8157842959675562,-0.8976868827463275,-1.0630279887628786,-1.9669527526339667,1.866496178606305,-1.3590696265528337,-0.37966086523286996,-0.6734168395740446,0.09267077397299343,-0.8234830752641851,3.1950200534759357,-1.103932811352982,-1.277074976958953,-0.3120305795273398,-1.0235310931713977,-1.1609893210137472,-1.2670965769796438,-0.6382651951435409,-1.1500984445747808,-0.46854571587208826,-0.6229165394992515,-0.4506754479076163,undefined,1498458494811
903d185fccf839df,-0.3756912743119133,-0.8240595935740537,-0.7857976607572915,-0.8100707426675885,-0.9478384685153,-1.9559564151367888,1.8695309812310483,-1.2773043121752834,-0.40364410811356977,-0.6537550191611476,0.06711508850687155,-0.5346300076643211,0.8058363970588236,-1.0381986062650617,-1.1970748785544525,0.21332750261417824,-0.7497938396252127,-1.1056837238735464,-1.1920767703011315,-0.1423120639672227,-0.9964910172615311,-0.44903376923851407,-0.574385486451139,-0.3048517934276581,undefined,1498458496298
903d185fccf839df,-0.42697383535671557,-0.6690874879300457,-0.5848241280576716,-0.6564723881705758,-0.9293036437043057,-1.9154719074164004,1.9624683162954735,-0.5820906711938119,-0.3652699290477389,-0.7987577582211861,-0.022419243837109314,-0.20042799016492496,-0.5258397393048129,-0.9613543954928315,-1.0970747613005722,0.4982332458807231,-0.5870410362957299,-0.9616472525316703,-1.1165951744106115,0.5304460175271865,-0.7606934899868498,-0.39941698308104334,-0.4483005341105599,-0.29192588094944616,undefined,1498458497798
903d185fccf839df,-0.5129067633623214,-0.38614590809962884,-0.03230600286405588,-0.2224938035077135,-1.0751959680132968,-1.8356512086455716,1.9468025545408163,-0.5723886420173747,-0.3697059320842975,-0.7971266907323378,-0.09426594220920576,-0.045918802369306316,-0.8043602384135473,-0.7687809301752973,-1.0444431034943802,0.5285423547255612,-0.5962752738887458,-0.7667445778110586,-1.0631815199394923,0.9838224465733416,-0.558731190064061,-0.3918109084068509,-0.49847247599455397,-0.4253418153415705,undefined,1498458499301
903d185fccf839df,-0.5198367263371709,-0.34270682746663855,0.46023910604598,0.4733485966340672,-1.1445112800214494,-1.7611644668817819,1.9482620865592044,-0.46007296128724,-0.3614531130294325,-0.6250765198538666,-0.1048412350588706,-0.035104093847600444,-0.8609347147950089,-0.5725041779252564,-1.0307588790539697,0.7103969512651469,-0.5816784962035783,-0.683301711950962,-1.0203820280698916,1.3835968865901789,-0.42248864548307963,-0.3945639501582829,-0.6222786677906855,-0.5358198350758596,undefined,1498458500800
903d185fccf839df,-0.40618356687265983,-0.3855589807854845,0.8679283958174415,0.7677522052224869,-0.96811157633585,-1.8002141627220831,1.941180025307845,-0.5148971281870359,-0.4589417460911861,-0.638273275178622,-0.12349738160279304,0.13302218592259385,-0.9566761363636364,-0.45862664455085267,-0.9033903092381511,0.9407463480742458,-0.5303502640258491,-0.5651416489676728,-0.9491055155957763,1.223714828261813,-0.3894463034362254,-0.3713958821371252,-0.6634786835945441,-0.6006174452365795,undefined,1498458502334
903d185fccf839df,-0.4339038845950895,-0.30278977836639187,0.9336433823362937,0.9422922192303849,-1.0241686249274338,-1.8034657805850443,1.9414403737557024,-0.49352841208552545,-0.5457958316984312,-0.6145607389481339,-0.21716451689272612,0.15643555723801736,-0.1994485294117647,-0.28734729602070413,-0.8433902388858229,0.7306031180441107,-0.5837741539965271,-0.4526685679450017,-0.9129250072926429,1.0369008871381784,-0.3749978947111991,-0.35733096988380825,-0.6473157882632704,-0.6696795483403767,undefined,1498458503809
903d185fccf839df,-0.4380618727316221,-0.41373571530930725,0.8258191739827313,0.8048407918801735,-0.9630510114964296,-1.8528992248685245,1.9021878853564516,-0.816655916569283,-0.5081370175942381,-0.795244770912904,-0.18407867835855746,0.031810367500886325,-0.0950033422459893,-0.26975646616582477,-0.8244428602603112,1.4519600781395872,-0.4801854636115105,-0.4164061317893921,-0.9008275214030922,1.7413027753170887,-0.1846032885953527,-0.37663353039614716,-0.7053888326115756,-0.7069586510795319,undefined,1498458505341
903d185fccf839df,-0.4269738008513058,-0.5252686818643402,0.8698423011835492,0.8446270878781905,-0.9981252391938148,-1.9019926009501333,1.8971386585161643,-0.9401068857372389,-0.3966228650107798,-0.811803109061267,-0.196005317629469,-0.001182126719782684,-0.1124108734402852,-0.28549564607906364,-0.8360217913690763,1.286270273699565,-0.4996079550048247,-0.45286488836296435,-0.8293550984568784,1.5963418165899772,-0.21806614309882727,-0.38465495162627544,-0.7235944760973082,-0.6335323789725716,undefined,1498458506801
903d185fccf839df,-0.3576731186878134,-0.5311387880035656,0.7282036468875069,0.7700998800099871,-1.1061559130863023,-1.8925568527132346,1.9440175900540104,-0.6805152294436732,-0.43407359748979985,-0.3123362351268841,-0.1733767697237359,-0.052623862101107345,-0.16028158422459893,-0.27160811610746527,-0.7802322414199353,1.2660641069206011,-0.48904044193157237,-0.41087113892122823,-0.8020045641710606,1.4565085325768121,-0.22380456646439065,-0.3357589012446513,-0.6341031307753864,-0.5772374271375454,undefined,1498458508297
903d185fccf839df,-0.32302266546348546,-0.5270297414727005,1.1499291745125724,1.129882464031196,-1.1235181727140258,-1.837093009012098,1.9125204145907702,-0.7909636723794102,-0.37786447613592744,-0.5813154538900503,-0.3192569396772715,-0.03824703987120328,-0.42574643493761144,-0.1540272051451332,-0.8107586468632513,0.9084166508162328,-0.46610003023417773,-0.32025305018343636,-0.7959593197448892,1.4181971999025818,-0.19366423027928936,-0.28645867757548465,-0.678761108967539,-0.5220376440163652,undefined,1498458509798
903d185fccf839df,-0.35074300043862,-0.48946072313694705,1.329210339620259,1.3643840416038548,-1.0668851259605148,-1.8485505360891468,1.8669800593010506,-1.0772864470361818,-0.4462145696417853,-0.5506003312505657,-0.3318151547332765,0.07247183015790669,-0.5563029188948306,-0.1577306086346106,-0.7833901832579624,1.2680848083926621,-0.41536982699698644,-0.2934583662152308,-0.7787681551395085,1.4484551438583038,-0.16296915273519336,-0.3172495137652138,-0.746971021976541,-0.564526072136615,undefined,1498458511294
903d185fccf839df,-0.2634240246293887,-0.43721635907615125,1.3464367585999748,1.308809888175568,-0.9604693005635196,-1.8429557031589543,1.9469419377907158,-0.5023821187538025,-0.5018856488471208,-0.5467658417340442,-0.288096344861729,0.08797502676164906,-0.7303782308377896,-0.17069231363538867,-0.723390083456699,1.0619827551888767,-0.38343836245363255,-0.14909258084982377,-0.7734505785429125,1.3955768841074043,-0.12448188850523821,-0.2657088097230663,-0.6272919424574417,-0.5429529160041182,undefined,1498458512802
903d185fccf839df,-0.5239948352426377,-0.4272370748800953,1.2360610152742015,1.1888999076937699,-1.02345890699652,-1.8338646827666403,1.8477482725269494,-1.1725600810043437,-0.5075383800284805,-0.5600095903623515,-0.17489696893323017,-0.03365970510599653,-0.499728442513369,-0.14106560375055152,-0.7391795717798202,0.3325433566465362,-0.5483582281279767,-0.0915514546579437,-0.844783065791543,0.54990965045771,-0.31344180616012773,-0.20657527709038803,-0.3596680516849118,-0.44586966708053327,undefined,1498458514299
903d185fccf839df,-0.4671682555103821,-0.40493050495148264,1.6271620239459494,1.5993267642487514,-0.8946819770501059,-1.8290384988209254,1.9113659073009892,-0.7137451912139788,-0.49538898948484217,-0.5387081457043574,-0.1940667273544243,0.05482768911535802,-0.5084322081105169,-0.10403224229605414,-0.7412848467058815,0.3386051218860608,-0.514263001602909,-0.06931015702214646,-0.8350505023820353,0.7014149529689798,-0.2740952807611144,-0.2017197908542534,-0.4033953191823697,-0.4177206296540635,undefined,1498458515797
903d185fccf839df,-0.3632171546279715,-0.23117386091160558,1.2322329504050369,1.0355325252411813,-0.8936225518935704,-1.7665473392365918,1.9269711820047004,-0.5321150267878788,-0.4174936439877373,-0.5494181275588831,-0.24517824811182784,-0.03215940053946645,-0.5606548016934046,-0.05218555180068728,-0.7570743423912364,0.3810379873277203,-0.5127356585884484,-0.13462180407636665,-0.8369956154081426,0.8278207918125561,-0.27808335379010424,-0.2679503494722226,-0.493209375457944,-0.4162188128305656,undefined,1498458517465
903d185fccf839df,-0.28560034091706993,-0.4149097599195462,0.8883447417863198,0.7772575409333707,-0.8057415579653034,-1.8040224698875074,1.9037157990737865,-0.7206109714538058,-0.4408138494461836,-0.5407838810998502,-0.23299508881154082,-0.07991741522525662,-0.7477857620320856,-0.12810389874977343,-0.7718111858890933,0.38709980909668795,-0.5248880452554652,-0.23644920398686217,-0.8532072257261558,0.8789590311994067,-0.3157221618638603,-0.29169562916845115,-0.5097054343175086,-0.41629722028620697,undefined,1498458518802
903d185fccf839df,-0.2745121310151147,-0.5692948213374405,0.4519448384276485,0.3672404880644865,-0.8882019916328389,-1.829448444952262,1.947857103110934,-0.5283611299216333,-0.3583921366131434,-0.45232379283756025,-0.1371638901030632,-0.05715344757814724,-0.7826008244206774,-0.2290198048280464,-0.8960218690836382,0.3972028076920053,-0.4974242229647699,-0.3673574827311581,-0.9305639666869429,1.0251518759416618,-0.36290502832522475,-0.30466661433731274,-0.5341225399510033,-0.40715880091254425,undefined,1498458520285
903d185fccf839df,-0.2911443596045232,-0.5587285805992478,0.23055495975915036,0.19761107823127558,-1.0294348973499678,-1.8322272280689924,1.9231974114155639,-0.7234501326350355,-0.40158989237008214,-0.48759127230788263,-0.11842997665967223,-0.027504549088742773,-0.6302849264705882,-0.29938317605066195,-0.9139166617817558,0.3547700270445104,-0.5446027308469056,-0.49011526536556355,-0.9335026269921137,0.7852594934723762,-0.4656319450438374,-0.3636145625299309,-0.5778285684123209,-0.4020299647827752,undefined,1498458522289
903d185fccf839df,-0.3784633354137545,-0.5487492671751996,0.19610263007361772,0.14922360670524715,-1.0668542646843093,-1.826914233433444,1.9317258750471462,-0.6703498908939979,-0.3734108447929355,-0.5348255827012591,-0.1265406932452489,-0.014882195715709036,-0.5911179812834225,-0.29938317605066195,-0.9139166617817558,0.34062579509340024,-0.5429056339543405,-0.49162883834525695,-0.9335935857843101,0.7631165292706361,-0.469728106797606,-0.34966066437628357,-0.6125534010289984,-0.40056441511616986,undefined,1498458522962
903d185fccf839df,-0.44360596042989486,-0.5452271771864712,0.19610263007361772,0.1469865805089106,-1.07820967341457,-1.8281161209477794,1.9401570322842479,-0.619992179803194,-0.3716019192162248,-0.49091040863054686,-0.12110183553109773,-0.002310138510636202,-0.49102467691622104,-0.29938317605066195,-0.9149692992447864,0.3628524937560959,-0.5429768308664883,-0.487892401719549,-0.9319213480643059,0.7881390039420525,-0.4633642004273177,-0.34651170442391405,-0.5946583739198245,-0.3960835308815779,undefined,1498458526104
903d185fccf839df,-0.34381286493672175,-0.5334869064520358,0.2503334219849759,0.2000311922559124,-1.0410165913550593,-1.8408128045907268,1.9276181220369315,-0.7024757747880415,-0.3648783679186484,-0.5190109645126469,-0.11063239302030327,-0.05823113815607969,-0.28213430258467026,-0.306789847046484,-0.9107587199437288,0.4073058062873226,-0.5213779223001253,-0.5075751909124966,-0.9245257187841464,0.7601754276308625,-0.47567265467970465,-0.3589774090745678,-0.5794916406165787,-0.37870774129243395,undefined,1498458528364
903d185fccf839df,-0.4020255614834223,-0.5334869064520358,0.2528854652310856,0.21139211504292876,-1.0414691631210375,-1.8420403138565105,1.9309264189842854,-0.6833488653501821,-0.36367039613837987,-0.4833959904536607,-0.10118337071487551,-0.03423135100646673,-0.2734305369875223,-0.3104931922574759,-0.9086534597421352,0.43357373830581103,-0.5127865648229737,-0.5128315341425852,-0.9208034153732859,0.7545857920550212,-0.47776496271331964,-0.35745494170511044,-0.5735650646103202,-0.3847942098065124,undefined,1498458528782
903d185fccf839df,-0.4200436998548173,-0.6027547346863442,0.3358266165927041,0.2307855920425641,-1.0216691958598652,-1.886889814563731,1.9390235896102206,-0.7007304403725559,-0.42350389346980316,-0.42859626437702775,-0.04225739142970189,0.004374638718879599,-0.4779690285204991,-0.37530156185207175,-0.8876008282772636,0.5002538342938979,-0.5340489246102003,-0.5406331567479192,-0.9087409136788109,0.8084341559153083,-0.4758975734528879,-0.3621063246710511,-0.5358634513009287,-0.3879522440010091,undefined,1498458530306
903d185fccf839df,-0.2661960857312299,-0.621539243854221,0.20822445428721506,0.2102909393256976,-0.9080328149628603,-1.8671728044056155,1.9388079446786803,-0.6425948395396849,-0.4170711639045011,-0.41210001149900427,-0.039498412772673686,-0.0206691939413545,-0.865286597593583,-0.45862659274775447,-0.8865481908142331,0.5285422134019535,-0.5453875187301309,-0.5807586881480981,-0.8959647367121453,0.9272639559914123,-0.4643807924825685,-0.36996773718052967,-0.5633900775830964,-0.4050009131065159,undefined,1498458531729
903d185fccf839df,-0.08324215783970192,-0.5634247005842189,0.6994932874372466,0.6344454201524545,-0.7561747871277547,-1.8655400070837371,1.959638631008242,-0.4601148120834113,-0.350379710925392,-0.48812015420099947,-0.0422404103621566,0.01539069767922721,-0.9175091911764707,-0.49195662194203443,-0.8539165619804925,0.4679240805064419,-0.6335753747516152,-0.5969076949739175,-0.8614144847132205,0.9792799054090083,-0.44947435953942244,-0.38571299084700683,-0.587398710447574,-0.47266877343726316,undefined,1498458533196
903d185fccf839df,-0.016713485019936074,-0.5798611205316178,0.7224614225152852,0.6185750498312881,-0.5828402267890853,-1.8557082883311136,1.9559043069472994,-0.44221251980587645,-0.3641269233371232,-0.379971972064154,-0.03120143103086636,0.02381318536150519,-0.9305648395721926,-0.4928824728144038,-0.7886533337619465,0.46792405224172035,-0.6622412695256896,-0.5839378253260189,-0.8130735188066861,0.7501510411934955,-0.4732635923740306,-0.35633823069745546,-0.6094874045323446,-0.5548010752160029,undefined,1498458536043
903d185fccf839df,-0.022257538212799084,-0.5792741055334963,0.5667872927764874,0.5402598963307412,-0.5638116868238028,-1.8588690657753324,1.9855027747850054,-0.2479217627814894,-0.3614296953568235,-0.38068231464758845,-0.025744071602798253,-0.009192129969721914,-0.9175091911764707,-0.49380829778522406,-0.8065480822866613,0.4659035486227101,-0.6583939134473136,-0.5668452100030014,-0.8108625265207197,0.7142264685327261,-0.4717769218452642,-0.3396854938935002,-0.6139705600628528,-0.5676203752134839,undefined,1498458536208
903d185fccf839df,0.17317047485726092,-0.6144950054207796,0.8583581065760552,0.7926136054895669,-0.3367446399708229,-1.8702660323337192,1.939039356908263,-0.508649601358782,-0.4035046290138559,0.0036693721289982467,-0.01655466526177271,-0.20629334088001436,-0.7956564728163993,-0.3827082263725065,-0.7097058774218729,0.5164186263934614,-0.5612653547112325,-0.4388310869123769,-0.7081213559929667,0.7185380257457173,-0.39106905706346545,-0.36600889642227313,-0.5981986405670972,-0.5316651933517268,undefined,1498458537702
903d185fccf839df,-0.1317526922880727,-0.5323128764557931,1.1658798260061827,1.1424923111831213,-0.6815623484646972,-1.869842110816908,1.9295667901669054,-0.6362629539406908,-0.41237973915359977,-0.08183727982914,-0.08104021837040441,-0.21283038358894033,-0.34741254456327986,-0.3651173835668526,-0.6170741855980378,0.28606931437852706,-0.5910427971303971,-0.3993515167638919,-0.6683934638902471,0.522300238849503,-0.402027506917517,-0.3482686102776213,-0.5525012861781852,-0.43335539995908684,undefined,1498458539197
903d185fccf839df,-0.15531488385233078,-0.3955382357535481,1.128874690663692,1.0473038407921613,-0.7921438702694349,-1.7986745359365834,1.9363280206333089,-0.49971680544404234,-0.44037574549283043,-0.27284671026625246,-0.14292848623060408,-0.19721734421693496,-0.41704266934046347,-0.4086315845709645,-0.4865476997120107,0.15068867531278599,-0.5327413826703414,-0.3663062175245171,-0.6393497021246719,0.47964654169194804,-0.37848322319134564,-0.3799382185379737,-0.6486813927472108,-0.48515064717791007,undefined,1498458540675
903d185fccf839df,-0.8441641831737544,-0.2951584957068368,1.0293450040654104,0.8448452885626084,-1.2750367714625797,-1.7076944527448343,1.866830134315578,-0.9090106379980357,-0.29652693320462675,-0.6853860016780979,-0.28717647666510127,-0.02183608233638682,-0.9262129567736186,-0.2919764985794526,-0.41075818520996404,0.04965823712406816,-0.4104254309899212,-0.28430726320489597,-0.5709278888491476,0.22170718461942823,-0.3695648041738653,-0.1084597993005241,-0.5541412294410993,-0.27702621507196956,undefined,1498458542179
903d185fccf839df,-0.5808213804694835,-0.4618709597692572,0.39005791677796103,0.35713863476849833,-1.146671272894615,-1.6571476339391022,1.9033423675057095,-0.5984010427800236,-0.3414609486173369,-0.3051055384441908,-0.26941352708750355,0.06158655554470834,-0.8000083556149733,-0.24012979513331123,-0.4960214000681172,0.6416963233933282,-0.32959782554742556,-0.3465411013371968,-0.553883657155953,0.8186895184689524,-0.2618076627440963,-0.10135579422331543,-0.7162089012819371,-0.2980882506735037,undefined,1498458543694
903d185fccf839df,-0.5198367608425807,-0.6291704680577913,-0.34748308962166435,-0.41653995224512136,-1.2065237462200515,-1.6342325798284953,1.8662410667198954,-0.8699613842114795,-0.3457618884449914,-0.4209250872605761,-0.09613187225249406,0.025054437283438657,-0.7913045900178254,-0.4262223885242947,-0.4760213913418087,0.5527897265955963,-0.38909122810454977,-0.5080501633880573,-0.5546742974395431,0.9430935651529174,-0.2918198943849598,-0.07652199328392394,-0.8191872478828283,-0.3157694596872761,undefined,1498458545232
903d185fccf839df,-0.4117276545709326,-0.6790667428981092,-0.3296187868988959,-0.3739988717179324,-1.1920826261056583,-1.667475480619307,1.8751718902814156,-0.8985069001435848,-0.3856149138439634,-0.4510468803265587,-0.027774112621287723,0.08062945482302593,-0.7303782308377896,-0.5956500094081555,-0.599179437073323,0.518439356130244,-0.4193795782600885,-0.6051468546151544,-0.6099211162441274,0.9511469530636869,-0.35327438662005106,-0.030636162617685876,-0.7447439998978139,-0.2740229664822965,undefined,1498458546682
903d185fccf839df,0.12881815283058606,-0.47595937818015516,-0.029753959617946104,-0.053998131376228414,-0.8044867041869387,-1.5618957263452615,1.8334447573466348,-0.8356266927643586,-0.11655207220507066,-0.29963880541949195,-0.014851012946573285,0.009975273444596939,-0.8957497771836007,-0.5826883303089264,-0.6086531153427281,0.5083363575349266,-0.5340810051378675,-0.6558863991480255,-0.6279449023347966,1.041966985571342,-0.3652378616898589,-0.2164143579737046,-0.7415540291468151,-0.3529638332893217,undefined,1498458548197
903d185fccf839df,0.277121644750491,-0.2734389700043378,0.2969080841580046,0.40461907819804405,-0.44902330261712425,-1.4635808695998929,1.7839202629035138,-0.8403591459599679,0.0503738824879555,-0.09305064864350848,-0.042794329953084194,0.06867481787799237,-0.7826008244206774,-0.5937983335649658,-0.6676005703187271,0.3547700553092319,-0.6069204751095425,-0.6743785945033001,-0.6862143436766708,0.8944344799793303,-0.43690040662108215,-0.26334518624376807,-0.7211612629080523,-0.2777914218298003,undefined,1498458549696
903d185fccf839df,0.06228934198918128,-0.4747852897279277,0.6784388035883663,0.7312579658614108,-0.08676105077770277,-1.4185590046442011,1.7779874200043977,-0.7181877063996847,-0.13292657598398208,0.6195457192077696,-0.019955017987609267,0.051640735235115684,-0.7738970588235294,-0.4762174614549574,-0.802337561883474,0.19918327772924851,-0.6799472360442722,-0.5654456303140176,-0.7627244700442491,0.5465989874465319,-0.4925764949214348,-0.18812059493466096,-0.665521050289921,-0.412474366762203,undefined,1498458551194
903d185fccf839df,0.12327413414313279,-0.3468159616814806,1.2768934530750087,1.2919423626894773,-0.24488307422882988,-1.5364045316854145,1.839343421704659,-0.567304733688301,-0.2592773030031995,0.9495711292162565,-0.1454111897877223,0.030073845446535876,-0.843527183600713,-0.2317972926912817,-0.8223376000587176,0.4214500382384327,-0.5474800940072074,-0.38307585156836127,-0.743042441225551,0.5681876058621054,-0.4057639899223478,-0.14647513003177481,-0.5483295535808451,-0.3998886412657577,undefined,1498458552699
903d185fccf839df,0.261875463964708,-0.4448475832797216,1.3502648234691395,1.320044347708521,-0.39165997305231903,-1.604441608324847,1.7907077840719015,-1.0497720569303948,-0.20369274397124063,0.7425509840683414,-0.1634077045859724,-0.029684790205227126,-0.8087121212121212,-0.19198645632432357,-0.8286533806634986,0.3466875603329248,-0.5950545003173463,-0.2839526174620222,-0.7332049252430499,0.6085931249765232,-0.34794720644946303,-0.14952838223595943,-0.6297661447516507,-0.39277143679355725,undefined,1498458554238
903d185fccf839df,0.12743207052155084,-0.5111802780674384,1.335590701872483,1.3127154142301936,-0.642795549038811,-1.6730377016879654,1.876121248808031,-0.7105463799798947,-0.2567127445472603,0.4531486125106575,-0.14483614269067632,-0.004839509685227223,-0.8087121212121212,-0.25957231378215473,-0.8939166236065121,0.38305849094673056,-0.6069542439160028,-0.3312153749969185,-0.8276898585448319,0.5578398494182912,-0.41373930547860654,-0.24617918427927338,-0.5491052449804131,-0.4110117336329459,undefined,1498458556929
903d185fccf839df,0.0026907701659039268,-0.40316945995711845,1.335590701872483,1.3127154142301936,-0.7110411508915715,-1.713736498771287,1.8973674535125449,-0.6508775518832159,-0.26245750067163165,0.45936036983921147,-0.13657924324563195,-0.017063526562425668,-0.7826008244206774,-0.247536459653746,-0.9118113794934608,0.4396355318100571,-0.5993611217929118,-0.34562915496168933,-0.8510102286462615,0.6418229713939058,-0.40792124926167705,-0.23988433616257346,-0.5856790589103856,-0.4293440129444186,undefined,1498458557200
903d185fccf839df,-0.5752773272766205,-0.3491640362879623,0.2854236354135612,0.19316522309900747,-0.976268133313154,-1.8496872043431765,1.905375213963282,-0.8485140957096508,-0.3312990248249411,-0.30155717855236014,-0.08454533614845285,-0.17062065081231798,-0.5780623328877006,-0.2382781581424453,-0.9012850416743237,0.7588916102110524,-0.3943755116030735,-0.4250885989109696,-0.8991412901286225,0.6800419114299612,-0.43619666880120167,-0.2245654406632597,-0.6271447013243449,-0.42766432606808813,undefined,1498458558696
903d185fccf839df,-0.4477639658191324,-0.5094192623010666,-0.1809623948814759,-0.24688419747898294,-0.9355984802812412,-1.9347533497619498,1.9760565196960673,-0.4917506838589238,-0.3819254546007672,-0.7119213086677512,0.04306117769706699,-0.03309890698258862,-0.7434338792335116,-0.393818255530095,-0.9465482611665612,1.367094601638762,-0.08645064923456644,-0.45228225928315735,-0.9404294706164127,1.0938905317020764,-0.3518331706426531,-0.22588859431802205,-0.8379166922366544,-0.4496601971610366,undefined,1498458560182
